handover_key,shipment_id,shipment_key,total_handovers,signed_handovers,missing_signatures,signature_rate_pct
1,SHP0317,317,3,2,1,66.67
2,SHP0374,374,4,3,1,75.0
3,SHP0126,126,2,2,0,100.0
4,SHP0074,74,4,4,0,100.0
5,SHP0251,251,4,4,0,100.0
6,SHP0190,190,4,3,1,75.0
7,SHP0108,108,2,2,0,100.0
8,SHP0149,149,4,4,0,100.0
9,SHP0481,481,3,3,0,100.0
10,SHP0441,441,4,4,0,100.0
11,SHP0253,253,4,4,0,100.0
12,SHP0145,145,3,3,0,100.0
13,SHP0098,98,3,3,0,100.0
14,SHP0137,137,4,3,1,75.0
15,SHP0365,365,3,3,0,100.0
16,SHP0352,352,4,2,2,50.0
17,SHP0376,376,2,1,1,50.0
18,SHP0410,410,2,1,1,50.0
19,SHP0340,340,3,3,0,100.0
20,SHP0254,254,4,4,0,100.0
21,SHP0275,275,4,4,0,100.0
22,SHP0179,179,3,3,0,100.0
23,SHP0203,203,2,2,0,100.0
24,SHP0277,277,3,2,1,66.67
25,SHP0346,346,3,3,0,100.0
26,SHP0188,188,2,2,0,100.0
27,SHP0316,316,3,3,0,100.0
28,SHP0030,30,4,4,0,100.0
29,SHP0283,283,2,2,0,100.0
30,SHP0120,120,2,2,0,100.0
31,SHP0327,327,4,4,0,100.0
32,SHP0182,182,2,2,0,100.0
33,SHP0330,330,2,2,0,100.0
34,SHP0382,382,4,4,0,100.0
35,SHP0224,224,4,4,0,100.0
36,SHP0169,169,4,4,0,100.0
37,SHP0405,405,2,2,0,100.0
38,SHP0465,465,2,2,0,100.0
39,SHP0290,290,2,2,0,100.0
40,SHP0193,193,3,3,0,100.0
41,SHP0128,128,2,2,0,100.0
42,SHP0313,313,4,4,0,100.0
43,SHP0152,152,3,3,0,100.0
44,SHP0037,37,3,3,0,100.0
45,SHP0060,60,3,2,1,66.67
46,SHP0032,32,3,3,0,100.0
47,SHP0178,178,2,2,0,100.0
48,SHP0209,209,4,3,1,75.0
49,SHP0122,122,4,3,1,75.0
50,SHP0004,4,2,2,0,100.0
51,SHP0218,218,3,1,2,33.33
52,SHP0360,360,2,2,0,100.0
53,SHP0334,334,3,3,0,100.0
54,SHP0414,414,3,3,0,100.0
55,SHP0353,353,4,4,0,100.0
56,SHP0052,52,2,1,1,50.0
57,SHP0271,271,3,3,0,100.0
58,SHP0408,408,4,4,0,100.0
59,SHP0403,403,2,2,0,100.0
60,SHP0364,364,2,2,0,100.0
61,SHP0500,500,2,1,1,50.0
62,SHP0160,160,3,3,0,100.0
63,SHP0228,228,2,2,0,100.0
64,SHP0276,276,2,2,0,100.0
65,SHP0018,18,3,3,0,100.0
66,SHP0474,474,3,3,0,100.0
67,SHP0118,118,4,4,0,100.0
68,SHP0392,392,4,4,0,100.0
69,SHP0231,231,4,4,0,100.0
70,SHP0463,463,2,2,0,100.0
71,SHP0386,386,2,2,0,100.0
72,SHP0269,269,2,2,0,100.0
73,SHP0446,446,4,4,0,100.0
74,SHP0464,464,2,2,0,100.0
75,SHP0292,292,4,3,1,75.0
76,SHP0028,28,2,2,0,100.0
77,SHP0456,456,2,2,0,100.0
78,SHP0138,138,3,3,0,100.0
79,SHP0002,2,4,2,2,50.0
80,SHP0462,462,3,2,1,66.67
81,SHP0220,220,4,3,1,75.0
82,SHP0419,419,4,4,0,100.0
83,SHP0370,370,2,2,0,100.0
84,SHP0391,391,4,4,0,100.0
85,SHP0139,139,3,3,0,100.0
86,SHP0095,95,3,3,0,100.0
87,SHP0242,242,2,2,0,100.0
88,SHP0175,175,4,4,0,100.0
89,SHP0248,248,2,2,0,100.0
90,SHP0081,81,3,1,2,33.33
91,SHP0258,258,4,4,0,100.0
92,SHP0347,347,2,2,0,100.0
93,SHP0226,226,4,4,0,100.0
94,SHP0434,434,4,2,2,50.0
95,SHP0318,318,2,1,1,50.0
96,SHP0119,119,3,3,0,100.0
97,SHP0274,274,2,2,0,100.0
98,SHP0468,468,3,3,0,100.0
99,SHP0243,243,4,3,1,75.0
100,SHP0144,144,3,3,0,100.0
101,SHP0288,288,3,2,1,66.67
102,SHP0267,267,3,3,0,100.0
103,SHP0076,76,4,4,0,100.0
104,SHP0068,68,4,3,1,75.0
105,SHP0183,183,4,3,1,75.0
106,SHP0482,482,4,4,0,100.0
107,SHP0349,349,4,4,0,100.0
108,SHP0272,272,4,4,0,100.0
109,SHP0057,57,2,2,0,100.0
110,SHP0428,428,4,4,0,100.0
111,SHP0084,84,4,3,1,75.0
112,SHP0143,143,4,4,0,100.0
113,SHP0150,150,4,4,0,100.0
114,SHP0480,480,3,3,0,100.0
115,SHP0239,239,4,4,0,100.0
116,SHP0066,66,3,2,1,66.67
117,SHP0285,285,4,4,0,100.0
118,SHP0426,426,2,2,0,100.0
119,SHP0109,109,3,3,0,100.0
120,SHP0199,199,4,3,1,75.0
121,SHP0266,266,2,2,0,100.0
122,SHP0384,384,4,3,1,75.0
123,SHP0350,350,4,4,0,100.0
124,SHP0252,252,2,1,1,50.0
125,SHP0229,229,2,2,0,100.0
126,SHP0319,319,4,2,2,50.0
127,SHP0491,491,3,3,0,100.0
128,SHP0338,338,4,4,0,100.0
129,SHP0221,221,3,3,0,100.0
130,SHP0180,180,3,3,0,100.0
131,SHP0117,117,4,3,1,75.0
132,SHP0055,55,4,4,0,100.0
133,SHP0142,142,2,2,0,100.0
134,SHP0476,476,4,4,0,100.0
135,SHP0140,140,2,2,0,100.0
136,SHP0280,280,4,3,1,75.0
137,SHP0473,473,4,4,0,100.0
138,SHP0314,314,3,2,1,66.67
139,SHP0031,31,2,2,0,100.0
140,SHP0415,415,3,3,0,100.0
141,SHP0389,389,3,3,0,100.0
142,SHP0204,204,2,2,0,100.0
143,SHP0402,402,3,3,0,100.0
144,SHP0132,132,3,2,1,66.67
145,SHP0033,33,2,2,0,100.0
146,SHP0493,493,4,4,0,100.0
147,SHP0173,173,4,4,0,100.0
148,SHP0019,19,3,3,0,100.0
149,SHP0320,320,4,4,0,100.0
150,SHP0250,250,3,3,0,100.0
151,SHP0153,153,2,2,0,100.0
152,SHP0079,79,2,2,0,100.0
153,SHP0279,279,2,2,0,100.0
154,SHP0255,255,3,3,0,100.0
155,SHP0110,110,4,4,0,100.0
156,SHP0303,303,3,2,1,66.67
157,SHP0177,177,4,4,0,100.0
158,SHP0466,466,2,2,0,100.0
159,SHP0281,281,2,1,1,50.0
160,SHP0343,343,3,3,0,100.0
161,SHP0158,158,2,2,0,100.0
162,SHP0273,273,2,2,0,100.0
163,SHP0020,20,3,3,0,100.0
164,SHP0123,123,4,3,1,75.0
165,SHP0114,114,3,3,0,100.0
166,SHP0423,423,3,3,0,100.0
167,SHP0148,148,3,3,0,100.0
168,SHP0195,195,3,3,0,100.0
169,SHP0029,29,3,3,0,100.0
170,SHP0025,25,4,4,0,100.0
171,SHP0212,212,2,1,1,50.0
172,SHP0305,305,4,3,1,75.0
173,SHP0207,207,2,2,0,100.0
174,SHP0036,36,4,4,0,100.0
175,SHP0315,315,4,3,1,75.0
176,SHP0217,217,4,4,0,100.0
177,SHP0097,97,4,3,1,75.0
178,SHP0067,67,4,4,0,100.0
179,SHP0159,159,3,3,0,100.0
180,SHP0124,124,2,2,0,100.0
181,SHP0333,333,2,2,0,100.0
182,SHP0135,135,4,4,0,100.0
183,SHP0113,113,4,4,0,100.0
184,SHP0104,104,2,2,0,100.0
185,SHP0093,93,2,2,0,100.0
186,SHP0222,222,3,2,1,66.67
187,SHP0246,246,3,3,0,100.0
188,SHP0357,357,2,2,0,100.0
189,SHP0127,127,2,2,0,100.0
190,SHP0198,198,4,4,0,100.0
191,SHP0086,86,3,3,0,100.0
192,SHP0038,38,2,1,1,50.0
193,SHP0450,450,4,3,1,75.0
194,SHP0390,390,3,3,0,100.0
195,SHP0186,186,4,3,1,75.0
196,SHP0460,460,2,2,0,100.0
197,SHP0107,107,3,3,0,100.0
198,SHP0417,417,3,2,1,66.67
199,SHP0260,260,3,3,0,100.0
200,SHP0102,102,3,3,0,100.0
201,SHP0442,442,3,3,0,100.0
202,SHP0421,421,3,3,0,100.0
203,SHP0369,369,2,2,0,100.0
204,SHP0321,321,2,2,0,100.0
205,SHP0354,354,2,2,0,100.0
206,SHP0010,10,3,3,0,100.0
207,SHP0332,332,4,3,1,75.0
208,SHP0438,438,4,4,0,100.0
209,SHP0431,431,2,2,0,100.0
210,SHP0400,400,4,3,1,75.0
211,SHP0341,341,4,4,0,100.0
212,SHP0249,249,2,2,0,100.0
213,SHP0289,289,3,2,1,66.67
214,SHP0049,49,2,1,1,50.0
215,SHP0154,154,3,3,0,100.0
216,SHP0155,155,2,1,1,50.0
217,SHP0498,498,2,2,0,100.0
218,SHP0257,257,2,2,0,100.0
219,SHP0296,296,2,2,0,100.0
220,SHP0115,115,4,4,0,100.0
221,SHP0351,351,4,3,1,75.0
222,SHP0234,234,2,2,0,100.0
223,SHP0058,58,3,3,0,100.0
224,SHP0477,477,2,2,0,100.0
225,SHP0075,75,4,4,0,100.0
226,SHP0026,26,3,3,0,100.0
227,SHP0073,73,4,4,0,100.0
228,SHP0490,490,2,2,0,100.0
229,SHP0278,278,4,4,0,100.0
230,SHP0494,494,3,3,0,100.0
231,SHP0223,223,2,2,0,100.0
232,SHP0101,101,3,3,0,100.0
233,SHP0005,5,4,2,2,50.0
234,SHP0300,300,2,2,0,100.0
235,SHP0134,134,2,0,2,0.0
236,SHP0435,435,4,3,1,75.0
237,SHP0121,121,2,2,0,100.0
238,SHP0483,483,3,3,0,100.0
239,SHP0053,53,4,4,0,100.0
240,SHP0131,131,4,4,0,100.0
241,SHP0489,489,2,1,1,50.0
242,SHP0492,492,4,4,0,100.0
243,SHP0307,307,3,3,0,100.0
244,SHP0404,404,4,4,0,100.0
245,SHP0337,337,4,4,0,100.0
246,SHP0467,467,4,3,1,75.0
247,SHP0358,358,3,2,1,66.67
248,SHP0099,99,4,4,0,100.0
249,SHP0090,90,4,4,0,100.0
250,SHP0077,77,3,2,1,66.67
251,SHP0008,8,2,2,0,100.0
252,SHP0311,311,4,4,0,100.0
253,SHP0362,362,3,3,0,100.0
254,SHP0176,176,2,2,0,100.0
255,SHP0457,457,2,2,0,100.0
256,SHP0042,42,4,3,1,75.0
257,SHP0064,64,2,2,0,100.0
258,SHP0141,141,4,4,0,100.0
259,SHP0407,407,4,3,1,75.0
260,SHP0485,485,3,3,0,100.0
261,SHP0235,235,2,2,0,100.0
262,SHP0395,395,2,2,0,100.0
263,SHP0484,484,4,4,0,100.0
264,SHP0325,325,3,3,0,100.0
265,SHP0443,443,4,4,0,100.0
266,SHP0012,12,3,3,0,100.0
267,SHP0454,454,4,4,0,100.0
268,SHP0440,440,2,2,0,100.0
269,SHP0136,136,2,2,0,100.0
270,SHP0437,437,4,4,0,100.0
271,SHP0413,413,3,3,0,100.0
272,SHP0383,383,2,2,0,100.0
273,SHP0488,488,3,3,0,100.0
274,SHP0458,458,4,4,0,100.0
275,SHP0146,146,4,3,1,75.0
276,SHP0448,448,4,3,1,75.0
277,SHP0017,17,4,4,0,100.0
278,SHP0455,455,2,2,0,100.0
279,SHP0237,237,3,3,0,100.0
280,SHP0089,89,3,3,0,100.0
281,SHP0056,56,2,2,0,100.0
282,SHP0050,50,4,4,0,100.0
283,SHP0449,449,3,3,0,100.0
284,SHP0116,116,4,3,1,75.0
285,SHP0424,424,3,3,0,100.0
286,SHP0375,375,3,3,0,100.0
287,SHP0213,213,4,4,0,100.0
288,SHP0112,112,3,3,0,100.0
289,SHP0170,170,4,4,0,100.0
290,SHP0194,194,4,3,1,75.0
291,SHP0071,71,2,1,1,50.0
292,SHP0396,396,4,3,1,75.0
293,SHP0469,469,3,3,0,100.0
294,SHP0191,191,3,3,0,100.0
295,SHP0304,304,2,2,0,100.0
296,SHP0339,339,3,2,1,66.67
297,SHP0059,59,4,4,0,100.0
298,SHP0378,378,3,3,0,100.0
299,SHP0388,388,3,3,0,100.0
300,SHP0162,162,2,2,0,100.0
301,SHP0398,398,4,4,0,100.0
302,SHP0041,41,3,3,0,100.0
303,SHP0069,69,3,2,1,66.67
304,SHP0083,83,3,3,0,100.0
305,SHP0331,331,3,2,1,66.67
306,SHP0328,328,3,3,0,100.0
307,SHP0034,34,4,3,1,75.0
308,SHP0336,336,2,2,0,100.0
309,SHP0430,430,4,4,0,100.0
310,SHP0309,309,2,2,0,100.0
311,SHP0241,241,2,1,1,50.0
312,SHP0268,268,3,3,0,100.0
313,SHP0080,80,2,2,0,100.0
314,SHP0471,471,4,4,0,100.0
315,SHP0106,106,3,2,1,66.67
316,SHP0261,261,3,3,0,100.0
317,SHP0371,371,3,3,0,100.0
318,SHP0232,232,4,3,1,75.0
319,SHP0324,324,4,4,0,100.0
320,SHP0263,263,3,3,0,100.0
321,SHP0394,394,3,2,1,66.67
322,SHP0167,167,4,4,0,100.0
323,SHP0409,409,3,3,0,100.0
324,SHP0027,27,3,3,0,100.0
325,SHP0014,14,3,3,0,100.0
326,SHP0094,94,2,2,0,100.0
327,SHP0356,356,2,2,0,100.0
328,SHP0189,189,4,3,1,75.0
329,SHP0105,105,2,2,0,100.0
330,SHP0486,486,3,3,0,100.0
331,SHP0196,196,4,3,1,75.0
332,SHP0301,301,2,2,0,100.0
333,SHP0461,461,4,3,1,75.0
334,SHP0047,47,2,2,0,100.0
335,SHP0459,459,3,2,1,66.67
336,SHP0039,39,4,4,0,100.0
337,SHP0399,399,2,2,0,100.0
338,SHP0323,323,2,2,0,100.0
339,SHP0054,54,3,3,0,100.0
340,SHP0171,171,3,3,0,100.0
341,SHP0147,147,3,3,0,100.0
342,SHP0495,495,4,4,0,100.0
343,SHP0006,6,3,3,0,100.0
344,SHP0308,308,4,3,1,75.0
345,SHP0429,429,3,3,0,100.0
346,SHP0387,387,3,3,0,100.0
347,SHP0063,63,2,2,0,100.0
348,SHP0286,286,2,1,1,50.0
349,SHP0244,244,4,4,0,100.0
350,SHP0452,452,3,3,0,100.0
351,SHP0348,348,4,4,0,100.0
352,SHP0230,230,2,2,0,100.0
353,SHP0051,51,4,3,1,75.0
354,SHP0344,344,4,3,1,75.0
355,SHP0040,40,3,3,0,100.0
356,SHP0009,9,4,4,0,100.0
357,SHP0184,184,3,3,0,100.0
358,SHP0129,129,3,3,0,100.0
359,SHP0401,401,4,4,0,100.0
360,SHP0293,293,2,2,0,100.0
361,SHP0439,439,4,4,0,100.0
362,SHP0045,45,2,2,0,100.0
363,SHP0200,200,2,2,0,100.0
364,SHP0100,100,2,2,0,100.0
365,SHP0479,479,3,2,1,66.67
366,SHP0247,247,4,4,0,100.0
367,SHP0367,367,4,3,1,75.0
368,SHP0238,238,2,2,0,100.0
369,SHP0363,363,2,2,0,100.0
370,SHP0161,161,3,2,1,66.67
371,SHP0157,157,3,3,0,100.0
372,SHP0416,416,3,3,0,100.0
373,SHP0219,219,3,2,1,66.67
374,SHP0111,111,3,3,0,100.0
375,SHP0164,164,4,4,0,100.0
376,SHP0302,302,2,2,0,100.0
377,SHP0436,436,3,3,0,100.0
378,SHP0297,297,3,3,0,100.0
379,SHP0262,262,3,3,0,100.0
380,SHP0197,197,4,4,0,100.0
381,SHP0092,92,2,2,0,100.0
382,SHP0379,379,3,3,0,100.0
383,SHP0201,201,3,3,0,100.0
384,SHP0475,475,4,3,1,75.0
385,SHP0035,35,3,3,0,100.0
386,SHP0406,406,3,3,0,100.0
387,SHP0427,427,4,4,0,100.0
388,SHP0192,192,4,4,0,100.0
389,SHP0091,91,2,2,0,100.0
390,SHP0453,453,2,2,0,100.0
391,SHP0326,326,2,2,0,100.0
392,SHP0015,15,2,2,0,100.0
393,SHP0345,345,3,3,0,100.0
394,SHP0335,335,4,4,0,100.0
395,SHP0447,447,2,1,1,50.0
396,SHP0227,227,2,1,1,50.0
397,SHP0185,185,2,1,1,50.0
398,SHP0270,270,2,2,0,100.0
399,SHP0163,163,2,1,1,50.0
400,SHP0380,380,3,3,0,100.0
401,SHP0215,215,2,1,1,50.0
402,SHP0181,181,3,3,0,100.0
403,SHP0361,361,4,4,0,100.0
404,SHP0372,372,2,2,0,100.0
405,SHP0016,16,4,4,0,100.0
406,SHP0044,44,4,4,0,100.0
407,SHP0208,208,3,3,0,100.0
408,SHP0298,298,3,3,0,100.0
409,SHP0256,256,3,2,1,66.67
410,SHP0011,11,3,3,0,100.0
411,SHP0046,46,3,2,1,66.67
412,SHP0096,96,4,4,0,100.0
413,SHP0072,72,3,3,0,100.0
414,SHP0024,24,4,4,0,100.0
415,SHP0377,377,4,4,0,100.0
416,SHP0087,87,3,3,0,100.0
417,SHP0211,211,2,2,0,100.0
418,SHP0287,287,3,3,0,100.0
419,SHP0397,397,3,3,0,100.0
420,SHP0065,65,2,2,0,100.0
421,SHP0368,368,3,3,0,100.0
422,SHP0172,172,2,2,0,100.0
423,SHP0022,22,2,2,0,100.0
424,SHP0225,225,3,3,0,100.0
425,SHP0088,88,2,2,0,100.0
426,SHP0202,202,2,2,0,100.0
427,SHP0366,366,2,2,0,100.0
428,SHP0478,478,3,3,0,100.0
429,SHP0236,236,2,2,0,100.0
430,SHP0125,125,4,4,0,100.0
431,SHP0245,245,4,4,0,100.0
432,SHP0165,165,2,2,0,100.0
433,SHP0411,411,2,1,1,50.0
434,SHP0312,312,2,1,1,50.0
435,SHP0021,21,4,4,0,100.0
436,SHP0472,472,2,2,0,100.0
437,SHP0433,433,2,2,0,100.0
438,SHP0156,156,3,2,1,66.67
439,SHP0078,78,4,4,0,100.0
440,SHP0291,291,2,2,0,100.0
441,SHP0007,7,3,2,1,66.67
442,SHP0499,499,3,3,0,100.0
443,SHP0168,168,4,4,0,100.0
444,SHP0082,82,3,2,1,66.67
445,SHP0284,284,3,3,0,100.0
446,SHP0418,418,4,3,1,75.0
447,SHP0381,381,3,2,1,66.67
448,SHP0422,422,2,2,0,100.0
449,SHP0214,214,3,2,1,66.67
450,SHP0306,306,2,2,0,100.0
451,SHP0385,385,2,2,0,100.0
452,SHP0487,487,4,4,0,100.0
453,SHP0425,425,3,3,0,100.0
454,SHP0393,393,3,3,0,100.0
455,SHP0445,445,4,4,0,100.0
456,SHP0206,206,3,3,0,100.0
457,SHP0329,329,3,2,1,66.67
458,SHP0048,48,2,2,0,100.0
459,SHP0373,373,3,3,0,100.0
460,SHP0259,259,3,3,0,100.0
461,SHP0166,166,3,3,0,100.0
462,SHP0061,61,2,1,1,50.0
463,SHP0003,3,4,3,1,75.0
464,SHP0187,187,4,4,0,100.0
465,SHP0174,174,3,3,0,100.0
466,SHP0133,133,4,4,0,100.0
467,SHP0451,451,2,1,1,50.0
468,SHP0210,210,4,4,0,100.0
469,SHP0322,322,2,2,0,100.0
470,SHP0151,151,3,3,0,100.0
471,SHP0470,470,3,2,1,66.67
472,SHP0233,233,3,3,0,100.0
473,SHP0299,299,4,4,0,100.0
474,SHP0282,282,3,3,0,100.0
475,SHP0205,205,4,4,0,100.0
476,SHP0295,295,4,4,0,100.0
477,SHP0023,23,2,2,0,100.0
478,SHP0496,496,2,2,0,100.0
479,SHP0412,412,4,4,0,100.0
480,SHP0420,420,2,2,0,100.0
481,SHP0043,43,3,3,0,100.0
482,SHP0216,216,2,2,0,100.0
483,SHP0264,264,2,0,2,0.0
484,SHP0070,70,4,4,0,100.0
485,SHP0310,310,2,1,1,50.0
486,SHP0130,130,3,3,0,100.0
487,SHP0265,265,3,2,1,66.67
488,SHP0497,497,4,4,0,100.0
489,SHP0359,359,3,3,0,100.0
490,SHP0444,444,2,2,0,100.0
491,SHP0013,13,2,1,1,50.0
492,SHP0085,85,3,3,0,100.0
493,SHP0355,355,3,2,1,66.67
494,SHP0432,432,3,3,0,100.0
495,SHP0294,294,3,3,0,100.0
496,SHP0001,1,3,3,0,100.0
497,SHP0342,342,4,4,0,100.0
498,SHP0103,103,4,4,0,100.0
499,SHP0240,240,4,4,0,100.0
500,SHP0062,62,2,2,0,100.0
