sensor_log_key,shipment_id,shipment_key,total_readings,missing_readings,offline_readings,avg_temperature_c,min_temperature_c,max_temperature_c,stddev_temperature_c,excursion_records,avg_battery_level,avg_signal_strength
1,SHP0126,126,15,0,0,5.149,4.44,5.83,0.396,,83.99,84.8
2,SHP0481,481,32,0,4,-21.096,-21.8,-20.06,0.412,,84.71,71.72
3,SHP0253,253,59,0,0,-21.003,-22.1,-20.33,0.405,,83.73,83.42
4,SHP0277,277,38,0,0,-20.912,-21.57,-19.65,0.382,,87.17,86.42
5,SHP0346,346,31,0,0,5.011,4.34,5.85,0.394,,86.34,88.0
6,SHP0188,188,44,0,0,-20.965,-21.77,-20.31,0.311,,85.93,85.77
7,SHP0283,283,38,1,0,4.931,3.88,5.84,0.462,,84.93,85.76
8,SHP0327,327,38,0,0,4.999,4.11,5.82,0.484,,86.87,85.0
9,SHP0224,224,23,0,0,-20.907,-21.51,-20.26,0.374,,86.52,85.26
10,SHP0290,290,46,0,0,4.919,4.09,6.03,0.36,,84.23,85.74
11,SHP0152,152,51,0,0,-20.539,-21.78,-15.04,1.564,,84.98,83.78
12,SHP0209,209,64,0,0,-20.666,-22.0,-15.43,1.303,,84.12,86.02
13,SHP0004,4,56,0,0,-21.016,-21.77,-20.01,0.388,,85.45,84.52
14,SHP0414,414,73,0,0,4.983,4.21,6.03,0.383,,84.12,85.62
15,SHP0160,160,33,0,0,5.627,3.92,11.81,2.025,,85.24,86.45
16,SHP0018,18,14,0,0,-20.891,-21.44,-19.97,0.396,,79.84,91.21
17,SHP0269,269,65,0,0,-21.026,-22.19,-20.11,0.42,,85.57,83.71
18,SHP0292,292,20,0,0,4.796,3.92,5.89,0.483,,84.78,83.7
19,SHP0462,462,39,0,0,-20.991,-21.67,-20.21,0.379,,84.08,84.77
20,SHP0370,370,40,0,0,5.063,4.09,5.78,0.412,,85.8,86.1
21,SHP0248,248,45,0,0,-21.046,-21.8,-20.33,0.379,,84.25,84.24
22,SHP0318,318,68,0,0,5.041,4.01,6.22,0.393,,85.17,85.85
23,SHP0274,274,67,0,0,5.025,3.89,6.09,0.399,,82.9,84.31
24,SHP0288,288,26,0,0,5.853,4.43,11.03,2.051,,85.59,86.04
25,SHP0076,76,63,0,0,5.502,4.22,13.48,1.677,,84.68,84.95
26,SHP0183,183,35,0,0,-20.673,-21.86,-6.99,2.413,,83.8,84.46
27,SHP0482,482,24,1,0,5.658,4.14,11.58,1.87,,86.1,88.0
28,SHP0349,349,36,0,0,-21.063,-22.33,-20.16,0.47,,85.16,86.03
29,SHP0272,272,46,0,0,4.992,4.25,5.59,0.361,,84.72,85.7
30,SHP0057,57,53,0,0,5.41,4.21,11.39,1.51,,87.08,84.25
31,SHP0066,66,46,0,0,5.143,3.99,5.8,0.424,,81.4,85.43
32,SHP0285,285,33,0,0,-20.992,-22.21,-20.22,0.404,,85.71,86.94
33,SHP0229,229,30,0,0,4.981,4.23,6.11,0.486,,83.17,85.43
34,SHP0142,142,19,0,0,4.941,3.84,5.67,0.49,,84.43,85.63
35,SHP0389,389,70,0,0,-20.774,-22.03,-15.44,1.126,,87.16,85.2
36,SHP0204,204,30,0,0,-20.297,-21.95,-15.07,1.728,,86.96,86.0
37,SHP0033,33,25,0,0,4.99,4.2,6.03,0.456,,84.35,84.8
38,SHP0153,153,41,0,0,-21.033,-21.92,-19.89,0.463,,86.69,85.44
39,SHP0279,279,59,0,4,-20.723,-22.33,-15.75,1.312,,84.3,78.24
40,SHP0255,255,35,0,0,-20.985,-21.8,-20.18,0.405,,85.41,87.71
41,SHP0281,281,65,0,0,-20.952,-21.81,-19.99,0.39,,84.44,84.29
42,SHP0114,114,62,0,0,5.025,3.73,5.96,0.366,,85.25,84.35
43,SHP0029,29,57,0,0,5.046,3.84,5.96,0.407,,84.55,84.91
44,SHP0305,305,34,0,0,-20.971,-21.93,-20.23,0.417,,86.32,89.06
45,SHP0315,315,43,0,0,4.972,4.08,5.64,0.401,,86.11,82.98
46,SHP0097,97,31,0,0,4.817,3.92,5.66,0.394,,86.7,85.23
47,SHP0135,135,66,0,0,5.016,3.9,5.83,0.404,,83.51,84.62
48,SHP0104,104,44,0,0,-20.591,-21.95,-15.01,1.595,,84.43,86.23
49,SHP0093,93,63,0,0,-21.059,-21.88,-20.34,0.36,,84.63,83.78
50,SHP0222,222,14,1,0,4.894,4.3,5.46,0.338,,81.76,86.64
51,SHP0127,127,21,0,0,-21.071,-21.65,-20.19,0.408,,86.32,86.52
52,SHP0198,198,29,0,0,4.987,4.11,6.35,0.455,,83.84,85.62
53,SHP0086,86,16,0,0,-20.824,-21.59,-20.08,0.516,,87.13,84.44
54,SHP0450,450,46,0,0,4.991,4.03,5.94,0.407,,83.61,85.33
55,SHP0417,417,67,0,0,5.012,3.95,6.16,0.461,,84.71,85.18
56,SHP0332,332,50,0,0,-20.929,-21.93,-20.21,0.371,,85.81,84.58
57,SHP0438,438,26,0,0,5.058,4.27,6.01,0.421,,85.29,84.73
58,SHP0498,498,35,0,0,4.973,3.98,5.77,0.376,,84.06,85.14
59,SHP0490,490,40,0,0,4.957,3.88,5.8,0.43,,83.2,82.38
60,SHP0121,121,34,0,0,-20.956,-21.84,-20.04,0.49,,84.5,85.21
61,SHP0053,53,37,0,0,-21.033,-21.98,-20.43,0.331,,83.95,82.81
62,SHP0492,492,14,0,0,-21.033,-21.56,-20.46,0.324,,86.74,90.86
63,SHP0307,307,28,0,0,5.066,4.3,5.91,0.424,,85.06,82.46
64,SHP0362,362,55,0,0,4.958,4.03,5.76,0.407,,83.63,83.24
65,SHP0176,176,43,0,0,4.986,3.78,6.18,0.472,,83.88,86.05
66,SHP0485,485,41,0,0,4.974,4.11,5.81,0.402,,86.02,86.0
67,SHP0235,235,51,0,0,-20.949,-21.96,-20.13,0.414,,84.85,82.06
68,SHP0325,325,71,0,0,-20.68,-22.23,-1.9,2.297,,84.88,84.59
69,SHP0136,136,61,0,0,-21.022,-22.13,-19.87,0.438,,85.58,85.02
70,SHP0383,383,13,0,0,5.107,4.52,5.61,0.368,,84.28,81.46
71,SHP0146,146,23,0,0,-20.808,-21.6,-19.94,0.4,,83.12,87.0
72,SHP0455,455,42,0,0,-20.952,-22.01,-20.35,0.404,,85.67,83.31
73,SHP0116,116,39,0,0,4.893,4.16,6.1,0.42,,82.09,82.28
74,SHP0213,213,51,0,0,-20.971,-21.78,-19.74,0.39,,83.12,85.16
75,SHP0469,469,67,0,0,4.989,3.67,5.7,0.434,,85.19,85.27
76,SHP0388,388,41,0,0,-21.027,-22.1,-19.91,0.431,,85.05,85.98
77,SHP0083,83,49,0,0,-21.011,-22.17,-20.09,0.429,,83.83,83.63
78,SHP0336,336,24,0,0,5.882,4.6,11.48,2.107,,85.01,89.29
79,SHP0268,268,59,0,0,4.931,4.22,5.59,0.332,,84.98,84.95
80,SHP0080,80,69,0,0,-20.959,-22.0,-20.22,0.395,,84.26,85.46
81,SHP0263,263,69,0,0,-21.014,-21.76,-20.21,0.39,,85.76,85.49
82,SHP0027,27,19,1,0,5.205,4.72,5.86,0.393,,86.1,86.11
83,SHP0094,94,16,0,0,5.052,4.24,5.67,0.443,,85.93,87.5
84,SHP0189,189,72,0,0,-20.739,-22.14,-15.14,1.23,,83.87,86.82
85,SHP0323,323,65,0,0,-20.412,-22.13,-2.28,2.616,,85.59,82.28
86,SHP0006,6,43,0,0,-20.478,-21.81,-15.03,1.561,,87.83,84.84
87,SHP0429,429,56,0,4,-20.6,-22.2,-15.17,1.23,,85.11,77.8
88,SHP0244,244,37,0,0,-20.977,-21.83,-20.08,0.371,,84.51,85.65
89,SHP0348,348,62,0,0,-21.009,-21.76,-20.34,0.383,,83.65,86.47
90,SHP0051,51,48,0,0,-20.958,-22.18,-19.74,0.397,,84.69,82.31
91,SHP0009,9,28,0,0,5.094,4.51,5.84,0.318,,84.54,84.11
92,SHP0045,45,54,0,0,5.061,3.92,5.74,0.394,,84.12,83.83
93,SHP0157,157,51,0,0,5.311,-4.01,11.68,2.198,,87.03,83.94
94,SHP0092,92,49,0,0,4.882,4.21,5.52,0.316,,86.8,85.27
95,SHP0379,379,62,0,0,-20.934,-21.8,-20.1,0.427,,86.14,84.44
96,SHP0406,406,70,0,0,5.019,4.35,5.97,0.318,,85.73,86.33
97,SHP0335,335,58,0,0,-21.0,-21.73,-20.01,0.409,,84.52,83.9
98,SHP0016,16,18,0,0,-20.958,-21.71,-20.25,0.414,,84.17,81.67
99,SHP0044,44,18,1,4,5.129,4.46,5.78,0.36,,87.87,65.83
100,SHP0298,298,58,0,0,5.045,4.19,5.82,0.384,,82.92,87.12
101,SHP0256,256,42,0,0,5.016,4.0,6.03,0.427,,84.9,84.95
102,SHP0046,46,44,0,0,4.9,4.25,5.87,0.388,,82.25,83.52
103,SHP0211,211,17,0,0,5.127,4.44,5.94,0.434,,84.67,85.94
104,SHP0172,172,48,0,0,-21.033,-22.29,-20.24,0.408,,83.02,86.42
105,SHP0202,202,13,0,0,5.025,4.47,5.65,0.324,,83.73,84.46
106,SHP0366,366,70,0,0,-21.085,-22.24,-19.94,0.465,,83.67,84.4
107,SHP0478,478,52,0,0,-21.037,-21.81,-20.08,0.389,,83.9,85.52
108,SHP0236,236,26,0,0,5.902,4.18,11.34,2.056,,84.28,87.23
109,SHP0125,125,43,0,0,5.025,4.26,6.17,0.388,,86.35,82.95
110,SHP0245,245,35,0,0,4.905,4.32,5.87,0.357,,86.13,82.23
111,SHP0021,21,19,0,0,5.063,4.37,5.72,0.378,,86.63,84.95
112,SHP0007,7,27,0,0,5.927,4.39,11.69,2.204,,84.83,86.22
113,SHP0284,284,36,0,0,-20.949,-21.67,-20.02,0.431,,83.82,81.36
114,SHP0214,214,28,0,0,-21.035,-21.85,-20.37,0.402,,85.9,86.07
115,SHP0373,373,64,0,0,-20.995,-22.0,-19.99,0.439,,85.54,83.81
116,SHP0282,282,55,0,4,5.099,3.81,6.04,0.456,,86.05,79.04
117,SHP0205,205,59,0,0,5.018,4.14,9.14,0.668,,84.94,85.53
118,SHP0420,420,71,0,0,-20.979,-22.1,-20.19,0.439,,84.26,83.51
119,SHP0130,130,52,0,0,-21.103,-21.87,-20.46,0.361,,86.95,85.73
120,SHP0265,265,26,0,0,-20.891,-22.21,-20.2,0.519,,83.88,81.77
121,SHP0103,103,49,0,0,4.95,4.3,5.68,0.36,,85.72,84.86
122,SHP0074,74,46,1,0,4.909,4.0,5.76,0.382,,85.05,85.24
123,SHP0251,251,44,0,0,-21.08,-22.09,-20.0,0.411,,83.97,84.07
124,SHP0254,254,61,0,0,-20.954,-21.94,-20.21,0.331,,84.2,86.08
125,SHP0203,203,23,0,0,4.929,4.02,5.65,0.367,,81.02,85.04
126,SHP0382,382,68,0,0,5.006,4.19,5.99,0.405,,84.92,87.47
127,SHP0128,128,53,0,0,-20.978,-21.6,-19.96,0.384,,84.83,84.11
128,SHP0313,313,19,0,0,4.854,3.97,5.54,0.449,,85.85,86.79
129,SHP0037,37,50,0,0,-20.919,-21.7,-19.96,0.348,,87.17,83.9
130,SHP0032,32,66,0,0,-20.975,-21.68,-20.02,0.38,,86.05,87.71
131,SHP0218,218,33,0,4,4.946,4.14,5.82,0.356,,84.31,73.88
132,SHP0271,271,48,1,0,4.967,3.82,5.69,0.395,,82.11,84.29
133,SHP0408,408,54,0,0,-20.601,-22.03,-15.04,1.373,,86.71,84.31
134,SHP0403,403,29,0,0,-20.957,-21.55,-19.81,0.354,,85.92,84.34
135,SHP0500,500,25,0,0,-20.997,-21.74,-20.02,0.436,,83.56,83.44
136,SHP0231,231,53,0,0,-20.98,-21.71,-20.23,0.341,,85.16,85.42
137,SHP0463,463,52,0,0,5.343,4.0,10.87,1.47,,85.51,84.73
138,SHP0386,386,56,1,0,5.049,4.4,6.1,0.4,,83.7,83.21
139,SHP0456,456,40,0,0,5.047,4.46,5.82,0.361,,85.54,85.8
140,SHP0220,220,43,0,0,-20.938,-22.01,-20.33,0.409,,84.44,84.47
141,SHP0419,419,31,0,0,5.381,4.4,15.34,1.886,,87.61,84.87
142,SHP0139,139,58,0,0,4.929,4.0,6.24,0.468,,85.98,85.79
143,SHP0347,347,62,0,0,-21.031,-21.88,-20.07,0.385,,85.08,85.42
144,SHP0068,68,43,0,4,5.043,4.23,6.08,0.437,,85.18,76.51
145,SHP0143,143,69,0,0,5.056,4.07,5.89,0.441,,85.28,83.14
146,SHP0384,384,13,0,0,-20.982,-21.83,-20.42,0.481,,86.32,84.69
147,SHP0252,252,59,0,0,5.371,4.31,11.98,1.446,,82.79,84.39
148,SHP0491,491,31,0,0,-21.06,-22.14,-20.15,0.506,,88.05,85.55
149,SHP0221,221,34,0,0,4.999,4.27,5.64,0.338,,84.22,85.47
150,SHP0180,180,45,0,0,4.977,3.89,5.85,0.421,,86.96,83.18
151,SHP0031,31,27,0,4,-21.064,-22.0,-20.08,0.524,,86.55,75.85
152,SHP0415,415,19,0,0,-20.894,-21.82,-20.32,0.348,,87.54,82.47
153,SHP0493,493,58,0,0,5.007,4.06,5.74,0.36,,86.55,84.45
154,SHP0173,173,43,0,0,5.002,4.17,5.95,0.432,,85.24,82.74
155,SHP0303,303,45,0,0,4.964,4.39,5.84,0.31,,84.39,83.8
156,SHP0020,20,30,0,0,5.012,4.26,6.05,0.447,,86.04,86.6
157,SHP0423,423,38,0,0,-21.066,-21.82,-20.28,0.366,,86.54,84.16
158,SHP0148,148,52,0,0,-21.004,-21.63,-20.24,0.359,,84.74,84.35
159,SHP0195,195,31,0,0,-20.521,-21.71,-6.36,2.661,,83.8,85.48
160,SHP0036,36,49,0,0,-20.921,-21.79,-20.13,0.397,,86.05,84.41
161,SHP0217,217,25,0,0,4.884,4.2,5.75,0.406,,81.3,82.48
162,SHP0067,67,49,0,0,-20.686,-21.52,-15.06,1.301,,85.52,85.14
163,SHP0159,159,66,0,0,5.343,4.05,11.67,1.553,,84.8,86.48
164,SHP0113,113,51,0,0,5.02,4.35,5.86,0.336,,87.28,82.22
165,SHP0357,357,27,0,0,4.985,4.28,5.52,0.333,,89.48,87.33
166,SHP0390,390,69,0,0,-20.992,-22.17,-20.03,0.418,,84.54,84.59
167,SHP0186,186,26,0,0,5.123,4.33,6.08,0.382,,85.01,84.77
168,SHP0107,107,70,0,0,-20.725,-21.89,-15.13,1.333,,85.53,85.57
169,SHP0102,102,45,0,0,-21.022,-21.81,-20.12,0.391,,84.51,85.58
170,SHP0289,289,46,1,0,4.972,4.09,5.75,0.371,,84.86,84.37
171,SHP0234,234,62,0,0,4.99,4.15,5.81,0.384,,83.62,86.55
172,SHP0026,26,28,1,4,5.023,4.18,5.72,0.377,,82.74,75.07
173,SHP0494,494,22,0,0,-21.093,-22.05,-20.51,0.343,,83.6,83.14
174,SHP0005,5,52,1,0,-20.953,-21.61,-19.91,0.374,,85.73,84.38
175,SHP0300,300,39,0,0,-20.607,-21.95,-16.01,1.41,,84.28,85.21
176,SHP0134,134,36,0,0,-20.399,-21.67,-15.1,1.606,,85.27,85.53
177,SHP0131,131,39,0,0,4.997,4.21,5.71,0.357,,84.79,83.51
178,SHP0077,77,30,0,0,-21.121,-22.16,-20.47,0.374,,84.0,85.57
179,SHP0008,8,29,0,0,-20.277,-21.78,-16.0,1.703,,84.02,83.31
180,SHP0457,457,66,0,0,5.002,3.84,6.11,0.421,,83.41,85.88
181,SHP0141,141,33,0,0,-21.176,-21.96,-20.33,0.415,,86.73,84.09
182,SHP0443,443,38,0,0,-21.036,-21.66,-20.5,0.313,,84.01,86.0
183,SHP0237,237,17,0,0,4.879,3.9,5.86,0.496,,84.64,87.41
184,SHP0449,449,71,0,0,-20.931,-21.93,-19.98,0.378,,84.75,85.06
185,SHP0424,424,23,0,0,5.803,3.99,11.1,2.042,,85.92,87.22
186,SHP0375,375,67,0,0,-21.026,-22.14,-20.05,0.418,,85.56,84.91
187,SHP0112,112,55,1,0,4.976,3.83,5.69,0.468,,87.27,84.13
188,SHP0170,170,30,0,0,5.069,4.16,5.82,0.437,,84.82,83.37
189,SHP0071,71,35,0,0,5.013,3.8,5.63,0.399,,83.37,84.4
190,SHP0396,396,22,0,0,-21.045,-21.56,-19.96,0.322,,85.97,88.5
191,SHP0378,378,17,0,0,5.17,4.53,6.79,0.553,,85.36,82.82
192,SHP0162,162,60,0,0,-21.003,-22.0,-19.83,0.484,,86.09,85.33
193,SHP0398,398,54,0,0,5.374,4.36,10.51,1.359,,86.12,86.67
194,SHP0331,331,44,0,0,5.099,3.96,5.98,0.417,,85.37,86.61
195,SHP0328,328,62,0,0,-20.659,-21.89,-15.89,1.068,,86.16,83.82
196,SHP0034,34,56,0,0,-20.669,-21.86,-4.34,2.251,,84.88,85.13
197,SHP0430,430,48,0,0,5.0,4.13,5.84,0.364,,84.95,84.96
198,SHP0241,241,52,0,0,-20.991,-21.75,-19.99,0.382,,84.0,85.79
199,SHP0232,232,61,0,0,4.856,-4.65,5.72,1.292,,84.05,85.28
200,SHP0167,167,29,0,0,4.957,4.26,5.58,0.403,,84.47,83.14
201,SHP0014,14,42,0,0,4.942,4.28,5.76,0.377,,84.77,85.95
202,SHP0301,301,65,0,0,4.983,4.09,5.95,0.393,,87.45,83.85
203,SHP0171,171,44,0,0,5.453,4.05,10.95,1.56,,86.41,86.11
204,SHP0147,147,42,0,0,-21.033,-21.62,-20.06,0.36,,86.88,84.86
205,SHP0308,308,16,0,0,4.983,4.3,5.88,0.419,,81.78,84.69
206,SHP0063,63,67,0,0,-21.014,-22.05,-19.95,0.431,,83.41,83.79
207,SHP0286,286,20,0,4,4.842,4.23,5.52,0.352,,87.06,68.45
208,SHP0200,200,16,0,0,5.011,4.46,5.46,0.253,,82.28,84.88
209,SHP0247,247,71,0,0,-20.966,-21.94,-20.07,0.398,,85.84,86.14
210,SHP0111,111,24,0,0,-21.023,-21.87,-20.27,0.368,,83.83,83.5
211,SHP0302,302,62,0,0,-21.005,-21.72,-20.13,0.366,,85.15,84.92
212,SHP0436,436,34,1,0,-20.899,-21.8,-20.16,0.371,,86.83,85.12
213,SHP0262,262,64,0,0,5.007,4.11,6.12,0.387,,85.91,85.08
214,SHP0197,197,41,0,0,-20.623,-22.53,-2.91,2.874,,85.96,87.54
215,SHP0453,453,71,1,0,5.394,4.08,11.55,1.395,,86.2,86.13
216,SHP0227,227,45,0,0,4.924,4.01,5.67,0.429,,86.97,83.47
217,SHP0185,185,70,0,0,-21.008,-22.44,-20.35,0.398,,84.78,83.69
218,SHP0270,270,69,0,0,-20.967,-21.67,-20.13,0.348,,85.32,82.45
219,SHP0361,361,24,0,4,-21.098,-21.68,-20.3,0.396,,88.88,72.29
220,SHP0372,372,24,1,0,4.939,4.01,5.77,0.472,,85.19,83.71
221,SHP0208,208,35,0,0,4.8,-2.02,6.03,1.264,,84.14,84.97
222,SHP0011,11,52,0,4,5.071,4.15,5.88,0.437,,83.31,78.85
223,SHP0377,377,57,0,0,-21.025,-21.93,-20.22,0.423,,85.87,84.53
224,SHP0065,65,44,0,0,5.504,4.21,11.93,1.727,,85.47,84.3
225,SHP0156,156,34,0,0,-21.003,-21.95,-20.0,0.418,,85.29,86.82
226,SHP0381,381,61,0,0,5.418,4.2,11.14,1.452,,84.58,84.21
227,SHP0393,393,65,0,0,5.035,3.98,5.98,0.463,,83.29,86.4
228,SHP0206,206,57,0,0,-20.604,-21.71,-15.42,1.288,,86.61,83.3
229,SHP0329,329,37,0,0,-20.987,-21.95,-20.11,0.405,,83.76,86.92
230,SHP0174,174,23,0,0,4.989,4.09,6.25,0.444,,88.28,83.35
231,SHP0133,133,22,0,0,-21.04,-21.6,-20.0,0.403,,85.21,85.82
232,SHP0412,412,58,1,4,-21.016,-21.89,-19.77,0.441,,84.32,77.53
233,SHP0043,43,20,0,0,5.045,4.53,5.65,0.331,,85.69,85.0
234,SHP0070,70,23,0,0,6.123,4.55,11.69,2.334,,83.74,83.17
235,SHP0497,497,43,0,0,5.089,4.11,6.01,0.41,,84.8,83.56
236,SHP0359,359,29,1,0,-20.91,-21.66,-19.87,0.443,,85.62,86.9
237,SHP0240,240,22,0,4,-20.085,-21.68,-15.39,1.894,,82.97,67.59
238,SHP0062,62,59,0,0,-20.644,-21.89,-15.14,1.207,,85.34,85.08
239,SHP0317,317,67,0,0,-20.936,-21.85,-19.93,0.411,,85.2,85.75
240,SHP0374,374,31,0,4,4.945,4.16,5.61,0.337,,85.04,73.77
241,SHP0190,190,18,0,0,5.113,4.11,5.97,0.482,,86.82,81.89
242,SHP0108,108,20,0,0,-21.08,-21.87,-20.33,0.42,,89.21,83.7
243,SHP0149,149,16,0,0,-21.029,-21.69,-20.22,0.412,,85.83,81.56
244,SHP0137,137,21,0,0,-19.71,-21.83,-5.86,3.554,,84.18,87.05
245,SHP0376,376,26,0,0,5.058,4.5,5.6,0.301,,86.27,89.12
246,SHP0410,410,64,0,0,5.068,4.28,5.72,0.348,,86.96,85.83
247,SHP0120,120,57,1,0,5.02,4.11,6.25,0.433,,85.04,85.67
248,SHP0169,169,65,0,0,-20.971,-21.91,-20.18,0.395,,86.57,86.14
249,SHP0465,465,30,0,0,-20.983,-21.78,-20.22,0.37,,88.03,86.53
250,SHP0193,193,28,0,0,5.748,4.4,11.67,1.976,,84.66,82.82
251,SHP0060,60,40,0,0,-21.147,-21.74,-20.39,0.381,,87.7,85.48
252,SHP0178,178,43,0,0,-20.959,-21.75,-20.08,0.363,,85.05,84.02
253,SHP0122,122,68,0,0,5.005,4.27,6.02,0.355,,84.16,87.19
254,SHP0364,364,65,0,0,5.1,4.13,6.08,0.363,,84.24,84.48
255,SHP0446,446,47,0,4,-21.024,-21.78,-19.42,0.463,,82.41,77.3
256,SHP0464,464,42,0,0,-20.917,-21.47,-19.89,0.381,,84.3,84.31
257,SHP0391,391,48,0,4,5.033,4.42,5.94,0.35,,84.57,79.44
258,SHP0095,95,35,0,0,5.03,4.36,5.74,0.357,,81.92,86.86
259,SHP0242,242,14,0,0,-21.141,-21.54,-20.73,0.291,,84.28,88.14
260,SHP0175,175,51,0,0,5.051,3.82,5.98,0.43,,85.53,85.76
261,SHP0434,434,69,0,0,5.011,4.2,6.2,0.431,,86.86,84.45
262,SHP0119,119,62,0,0,5.035,4.12,5.7,0.384,,87.33,83.81
263,SHP0468,468,59,0,0,5.1,4.05,5.96,0.374,,86.56,84.51
264,SHP0243,243,63,0,0,4.931,3.43,5.63,0.386,,86.9,84.6
265,SHP0267,267,38,0,0,4.926,4.47,5.66,0.306,,86.09,86.05
266,SHP0084,84,70,0,0,-20.984,-22.04,-20.16,0.452,,86.38,85.39
267,SHP0480,480,40,0,0,-20.654,-21.93,-5.53,2.492,,83.61,86.85
268,SHP0239,239,35,0,0,4.999,3.88,5.96,0.471,,85.61,84.14
269,SHP0426,426,45,0,0,5.848,4.17,18.21,2.592,,85.12,83.76
270,SHP0109,109,22,0,0,5.061,4.44,5.83,0.35,,83.56,87.32
271,SHP0199,199,57,0,0,-20.906,-22.18,-19.92,0.489,,85.75,84.12
272,SHP0338,338,20,0,0,4.902,3.93,5.86,0.507,,88.29,86.3
273,SHP0117,117,51,0,0,-20.982,-22.05,-19.77,0.442,,85.92,86.47
274,SHP0055,55,66,0,4,-20.684,-22.02,-15.08,1.227,,86.78,80.29
275,SHP0019,19,71,0,0,5.282,3.94,11.64,1.436,,82.74,83.56
276,SHP0320,320,25,1,0,5.029,4.19,6.05,0.387,,85.96,86.28
277,SHP0250,250,70,0,4,4.964,4.02,5.79,0.386,,84.76,80.99
278,SHP0110,110,34,0,0,-20.971,-21.73,-20.22,0.359,,84.51,87.12
279,SHP0177,177,41,0,0,-20.461,-21.76,-15.33,1.584,,83.48,85.66
280,SHP0466,466,61,1,0,4.938,3.46,5.85,0.395,,86.09,84.23
281,SHP0273,273,72,0,0,-20.977,-22.35,-20.06,0.428,,83.28,81.65
282,SHP0123,123,53,0,0,5.023,4.17,6.17,0.358,,82.5,83.91
283,SHP0333,333,45,0,0,4.95,3.84,5.86,0.477,,84.95,87.49
284,SHP0038,38,71,1,0,-20.949,-22.15,-19.98,0.454,,86.84,85.73
285,SHP0460,460,22,0,0,-20.892,-21.66,-20.27,0.353,,87.47,87.0
286,SHP0260,260,32,0,0,5.001,4.24,5.85,0.407,,84.53,84.56
287,SHP0442,442,26,0,0,-21.101,-21.97,-20.34,0.451,,84.32,84.62
288,SHP0354,354,20,0,0,5.042,4.59,5.48,0.265,,84.69,88.25
289,SHP0010,10,35,0,0,5.547,4.42,10.73,1.777,,86.15,85.03
290,SHP0431,431,66,1,0,-20.783,-22.33,-6.25,1.885,,85.38,85.0
291,SHP0249,249,14,0,0,5.488,4.47,10.06,1.372,,85.31,85.5
292,SHP0154,154,43,0,0,-20.987,-21.78,-20.18,0.357,,84.14,85.37
293,SHP0257,257,17,0,0,-20.972,-21.75,-20.4,0.345,,84.43,80.53
294,SHP0296,296,43,0,0,4.985,4.19,6.01,0.403,,85.91,85.33
295,SHP0351,351,17,0,0,-20.898,-21.36,-20.13,0.375,,84.57,85.35
296,SHP0101,101,46,0,0,-20.816,-22.2,-7.13,2.117,,85.39,83.91
297,SHP0435,435,48,0,0,5.029,3.81,6.14,0.427,,87.6,84.19
298,SHP0489,489,16,0,0,4.939,4.32,5.44,0.383,,85.96,88.56
299,SHP0358,358,65,0,0,-20.964,-21.89,-19.74,0.397,,86.01,86.0
300,SHP0099,99,50,0,0,5.052,4.24,5.72,0.368,,85.19,84.06
301,SHP0042,42,38,0,0,-20.916,-21.85,-19.96,0.387,,86.63,84.58
302,SHP0395,395,22,0,0,-20.994,-21.67,-20.29,0.386,,88.11,82.86
303,SHP0454,454,48,0,0,-21.014,-21.6,-19.86,0.394,,84.44,86.19
304,SHP0458,458,15,0,0,4.942,4.2,5.77,0.414,,83.95,86.73
305,SHP0017,17,37,0,0,4.981,3.92,5.98,0.448,,85.42,84.16
306,SHP0089,89,18,0,0,5.235,4.66,5.99,0.325,,83.44,83.78
307,SHP0056,56,21,0,0,-20.987,-21.88,-20.19,0.452,,85.69,88.1
308,SHP0304,304,68,0,0,4.999,4.18,6.19,0.407,,85.05,86.29
309,SHP0339,339,16,0,0,4.924,4.04,5.54,0.43,,85.75,85.94
310,SHP0041,41,16,1,0,-20.935,-21.58,-20.25,0.373,,81.17,89.06
311,SHP0069,69,59,0,0,-20.779,-22.1,-3.04,2.393,,86.46,86.44
312,SHP0261,261,25,0,0,4.865,3.88,5.75,0.463,,83.53,88.68
313,SHP0371,371,20,0,0,-21.291,-22.32,-20.54,0.513,,84.35,82.3
314,SHP0459,459,21,0,0,5.048,4.34,5.99,0.413,,85.31,84.14
315,SHP0054,54,41,0,0,-21.049,-21.92,-20.34,0.36,,85.01,86.07
316,SHP0495,495,44,0,0,5.278,3.81,15.2,1.577,,86.01,84.14
317,SHP0387,387,67,0,0,4.991,3.97,5.8,0.407,,85.53,83.33
318,SHP0040,40,50,1,4,-20.651,-21.95,-15.43,1.397,,84.26,77.9
319,SHP0129,129,68,1,0,4.931,4.1,6.03,0.397,,84.51,84.1
320,SHP0401,401,65,0,0,4.99,4.11,5.98,0.4,,85.66,85.35
321,SHP0293,293,66,1,0,5.047,4.07,6.02,0.382,,85.22,84.58
322,SHP0367,367,58,0,0,-21.056,-21.72,-20.27,0.386,,86.29,85.57
323,SHP0416,416,36,1,0,-20.906,-21.62,-20.03,0.423,,84.67,84.97
324,SHP0219,219,66,0,0,-21.005,-21.69,-20.1,0.349,,84.25,85.7
325,SHP0164,164,58,1,0,4.916,4.06,6.01,0.46,,83.34,84.19
326,SHP0475,475,57,0,0,5.012,4.17,5.71,0.369,,83.2,86.77
327,SHP0427,427,31,1,4,5.92,4.3,16.68,2.596,,84.33,73.35
328,SHP0192,192,67,0,0,5.024,3.74,5.88,0.446,,85.18,84.34
329,SHP0091,91,49,0,0,4.89,4.13,5.82,0.39,,85.74,83.65
330,SHP0326,326,69,0,0,-20.728,-21.83,-15.07,1.245,,81.5,83.42
331,SHP0447,447,70,0,0,4.897,4.05,5.87,0.332,,85.68,86.39
332,SHP0163,163,25,0,0,-20.918,-21.47,-20.37,0.347,,86.33,85.6
333,SHP0181,181,43,0,0,4.954,4.05,5.96,0.443,,85.43,85.02
334,SHP0072,72,21,0,0,4.968,4.24,5.79,0.442,,82.56,83.19
335,SHP0287,287,17,0,0,5.068,4.25,5.69,0.476,,87.22,83.29
336,SHP0022,22,19,0,0,-19.988,-21.51,-15.6,1.885,,88.26,87.84
337,SHP0225,225,40,1,0,5.043,4.12,5.81,0.363,,84.23,85.18
338,SHP0165,165,48,0,0,4.966,4.35,6.41,0.417,,85.33,85.67
339,SHP0312,312,25,0,0,5.006,4.29,6.14,0.42,,86.41,82.8
340,SHP0433,433,46,0,0,-20.969,-21.53,-20.07,0.328,,82.42,85.96
341,SHP0078,78,41,0,0,-21.05,-21.75,-20.09,0.417,,85.15,84.24
342,SHP0499,499,46,0,4,5.092,3.89,5.97,0.488,,84.95,75.39
343,SHP0306,306,68,0,0,-20.726,-21.98,-2.91,2.226,,87.72,83.63
344,SHP0425,425,68,0,0,5.007,3.8,5.84,0.394,,83.09,85.6
345,SHP0445,445,39,0,0,-20.936,-21.86,-19.93,0.44,,84.07,83.87
346,SHP0259,259,32,0,0,-21.035,-21.59,-20.24,0.362,,84.75,85.66
347,SHP0061,61,72,0,0,5.031,4.36,5.7,0.333,,83.2,85.19
348,SHP0187,187,47,0,0,5.073,4.27,7.87,0.578,,83.78,86.34
349,SHP0451,451,21,1,0,4.942,4.24,5.78,0.376,,87.51,81.43
350,SHP0322,322,48,0,0,-21.072,-21.9,-20.45,0.335,,83.43,85.19
351,SHP0151,151,37,1,0,5.032,4.12,6.06,0.389,,82.26,84.76
352,SHP0264,264,65,0,0,-21.076,-22.29,-20.14,0.447,,84.04,84.8
353,SHP0310,310,36,0,0,4.985,4.3,5.57,0.333,,85.49,84.0
354,SHP0013,13,38,0,0,5.609,4.36,11.75,1.913,,84.85,83.97
355,SHP0355,355,35,0,0,4.968,4.17,5.71,0.38,,83.43,86.71
356,SHP0432,432,14,1,0,4.903,4.07,5.7,0.42,,84.9,86.5
357,SHP0342,342,35,0,0,-20.896,-21.7,-20.06,0.337,,84.22,85.14
358,SHP0441,441,61,0,0,-21.034,-21.74,-20.12,0.388,,82.64,85.52
359,SHP0145,145,55,0,0,4.927,0.23,6.0,0.767,,84.29,84.82
360,SHP0098,98,73,0,0,-21.013,-22.14,-19.87,0.411,,86.77,84.18
361,SHP0365,365,30,0,0,5.099,4.39,6.07,0.411,,87.13,87.0
362,SHP0352,352,66,0,0,4.959,2.06,5.92,0.551,,83.54,84.17
363,SHP0340,340,16,0,4,-20.917,-21.77,-20.04,0.467,,85.83,61.94
364,SHP0275,275,23,0,0,-21.135,-21.87,-20.22,0.427,,85.15,86.83
365,SHP0179,179,37,0,0,5.431,4.28,10.96,1.66,,83.66,86.92
366,SHP0316,316,57,0,0,5.067,4.3,5.94,0.413,,84.3,83.68
367,SHP0030,30,18,0,0,-20.826,-21.46,-20.35,0.341,,79.17,83.28
368,SHP0182,182,16,0,0,5.184,4.39,7.31,0.722,,90.17,85.13
369,SHP0330,330,32,0,0,-21.104,-21.95,-20.08,0.369,,83.72,87.13
370,SHP0405,405,14,0,0,5.011,4.48,5.58,0.367,,87.6,83.93
371,SHP0360,360,25,0,0,5.054,4.49,5.62,0.343,,85.65,87.8
372,SHP0334,334,49,0,0,5.067,3.82,6.31,0.421,,84.02,84.08
373,SHP0353,353,30,0,0,4.975,4.03,5.79,0.438,,85.69,84.7
374,SHP0052,52,51,0,0,5.415,3.79,11.23,1.508,,86.24,84.25
375,SHP0228,228,17,0,0,-21.132,-21.71,-20.53,0.351,,82.06,84.71
376,SHP0276,276,18,0,0,-20.977,-21.52,-20.36,0.317,,84.21,87.17
377,SHP0474,474,63,1,0,-20.99,-22.16,-19.56,0.447,,82.84,84.35
378,SHP0118,118,22,0,0,4.96,4.46,5.64,0.358,,83.41,84.64
379,SHP0392,392,36,0,0,-21.042,-21.9,-20.17,0.454,,82.83,85.72
380,SHP0028,28,37,0,0,5.026,3.86,5.67,0.403,,86.48,81.68
381,SHP0138,138,65,0,0,-21.052,-21.88,-20.16,0.354,,84.55,85.98
382,SHP0002,2,20,1,0,-21.118,-21.78,-20.26,0.376,,84.0,80.15
383,SHP0081,81,52,0,0,4.985,4.15,5.93,0.438,,83.09,85.27
384,SHP0258,258,54,0,0,-21.006,-21.61,-19.95,0.337,,84.72,86.89
385,SHP0226,226,30,0,0,-20.966,-21.5,-20.44,0.319,,85.43,86.43
386,SHP0144,144,14,0,0,5.047,4.51,5.64,0.332,,88.03,84.86
387,SHP0428,428,72,0,0,-21.021,-21.91,-20.43,0.341,,84.91,84.81
388,SHP0150,150,54,1,0,-20.715,-22.09,-15.37,1.292,,86.39,83.98
389,SHP0266,266,45,1,4,-21.046,-21.76,-20.32,0.324,,82.75,77.91
390,SHP0350,350,49,0,0,5.063,3.7,5.97,0.532,,84.95,84.94
391,SHP0319,319,51,0,0,5.068,4.13,6.37,0.472,,84.78,84.71
392,SHP0476,476,13,0,0,6.072,4.25,18.57,3.776,,87.56,84.46
393,SHP0140,140,17,0,0,-21.115,-21.89,-19.83,0.499,,87.62,82.12
394,SHP0280,280,70,0,0,5.013,3.84,5.75,0.391,,85.18,84.41
395,SHP0473,473,61,0,0,4.939,3.93,5.89,0.464,,85.86,84.43
396,SHP0314,314,20,0,0,-20.959,-21.81,-20.15,0.482,,87.27,85.6
397,SHP0402,402,16,0,0,5.186,4.23,5.76,0.378,,84.39,88.88
398,SHP0132,132,40,0,0,4.994,3.99,5.83,0.425,,82.51,85.95
399,SHP0079,79,38,0,0,-20.458,-21.81,-16.03,1.478,,85.14,82.63
400,SHP0343,343,64,0,0,4.983,3.87,5.96,0.402,,84.57,85.5
401,SHP0158,158,44,0,0,-20.959,-21.74,-20.14,0.407,,83.97,85.93
402,SHP0025,25,44,0,0,-20.602,-21.97,-3.3,2.697,,84.58,84.14
403,SHP0212,212,15,0,0,-20.919,-21.58,-20.3,0.372,,79.56,88.27
404,SHP0207,207,32,0,0,5.039,4.06,5.86,0.391,,80.38,84.28
405,SHP0124,124,18,0,0,-21.137,-21.78,-20.28,0.396,,84.41,84.78
406,SHP0246,246,37,1,0,5.051,4.46,5.82,0.344,,85.67,86.7
407,SHP0421,421,32,0,0,-20.48,-21.67,-15.43,1.601,,81.84,83.28
408,SHP0369,369,72,0,0,-20.942,-21.8,-19.85,0.403,,83.12,84.99
409,SHP0321,321,68,0,0,5.04,4.06,5.95,0.393,,85.09,85.09
410,SHP0400,400,33,0,0,5.055,4.23,5.87,0.429,,85.88,83.58
411,SHP0341,341,68,0,0,5.403,4.22,11.38,1.385,,83.92,85.26
412,SHP0049,49,63,0,4,-21.02,-21.79,-20.11,0.401,,83.83,80.63
413,SHP0155,155,55,0,0,4.857,3.95,5.6,0.39,,83.54,85.56
414,SHP0115,115,20,0,0,4.927,3.73,5.48,0.453,,83.62,87.15
415,SHP0058,58,57,0,0,4.914,-1.92,6.24,1.007,,85.69,84.18
416,SHP0477,477,70,0,0,4.947,3.72,5.8,0.426,,84.46,86.79
417,SHP0075,75,30,0,0,-21.049,-21.82,-20.3,0.368,,81.25,86.8
418,SHP0073,73,19,0,0,5.073,4.34,5.96,0.408,,84.41,85.84
419,SHP0278,278,43,0,0,-21.092,-21.96,-20.31,0.366,,87.25,88.0
420,SHP0223,223,28,0,4,-20.888,-21.67,-20.18,0.447,,86.32,74.36
421,SHP0483,483,63,0,0,4.966,4.08,5.93,0.409,,83.0,85.81
422,SHP0404,404,53,0,0,-21.022,-22.01,-20.01,0.395,,84.22,84.36
423,SHP0337,337,41,0,0,-21.023,-21.86,-20.09,0.397,,86.65,87.68
424,SHP0467,467,58,0,4,5.053,4.29,5.94,0.385,,83.08,80.22
425,SHP0090,90,30,1,0,-20.969,-21.93,-19.7,0.527,,84.85,84.83
426,SHP0311,311,54,0,0,4.938,4.11,5.86,0.402,,85.93,83.43
427,SHP0064,64,60,0,0,5.406,4.12,11.64,1.457,,83.61,85.35
428,SHP0407,407,41,0,0,-21.027,-22.1,-20.12,0.433,,85.69,86.2
429,SHP0484,484,18,0,0,5.053,4.64,5.83,0.268,,84.41,85.11
430,SHP0012,12,27,0,0,4.933,4.17,5.65,0.443,,86.38,84.07
431,SHP0440,440,52,0,4,-21.005,-22.1,-19.82,0.415,,86.45,79.77
432,SHP0437,437,54,1,0,4.948,4.2,5.74,0.365,,85.26,83.0
433,SHP0413,413,37,0,0,4.95,3.99,6.24,0.468,,88.66,84.81
434,SHP0488,488,64,0,0,5.002,3.98,5.82,0.42,,83.54,85.81
435,SHP0448,448,25,0,0,-20.981,-21.67,-20.39,0.367,,82.54,86.76
436,SHP0050,50,13,0,0,5.058,3.99,6.06,0.564,,87.36,88.69
437,SHP0194,194,71,0,0,-21.048,-21.96,-19.95,0.41,,85.67,85.75
438,SHP0191,191,32,0,0,5.068,4.21,5.86,0.426,,84.95,86.88
439,SHP0059,59,45,0,0,5.041,4.14,5.67,0.321,,84.61,82.58
440,SHP0309,309,38,0,0,-20.628,-22.11,-7.82,2.181,,88.49,85.16
441,SHP0471,471,55,0,0,-21.018,-22.15,-20.06,0.413,,83.69,84.78
442,SHP0106,106,31,1,0,5.656,4.0,11.01,1.831,,83.65,85.97
443,SHP0324,324,38,0,0,5.013,4.19,5.84,0.357,,85.38,85.92
444,SHP0394,394,18,0,0,5.105,4.56,5.79,0.366,,86.91,84.39
445,SHP0409,409,54,0,4,-20.994,-21.98,-20.01,0.418,,85.42,79.61
446,SHP0356,356,48,0,0,-20.934,-21.73,-20.38,0.313,,83.84,82.21
447,SHP0105,105,13,0,0,5.761,4.73,14.66,2.681,,86.33,82.92
448,SHP0486,486,13,0,0,4.98,4.4,5.67,0.338,,87.86,89.54
449,SHP0196,196,31,0,0,-20.467,-22.3,-7.93,2.365,,82.6,86.45
450,SHP0461,461,15,0,0,-21.037,-21.99,-19.83,0.529,,84.9,84.73
451,SHP0047,47,13,0,0,-19.781,-21.86,-3.72,4.839,,82.57,84.92
452,SHP0039,39,13,0,0,4.963,4.03,5.6,0.406,,81.2,82.46
453,SHP0399,399,18,1,0,-21.068,-21.79,-20.46,0.39,,82.83,84.33
454,SHP0452,452,27,0,0,4.916,4.23,6.08,0.476,,86.99,84.48
455,SHP0230,230,22,0,0,-21.061,-22.01,-20.22,0.411,,83.23,82.82
456,SHP0344,344,64,0,0,5.35,3.95,10.88,1.302,,84.91,86.33
457,SHP0184,184,64,0,0,-21.026,-22.48,-19.91,0.458,,84.27,85.19
458,SHP0439,439,40,0,0,5.149,4.24,13.01,1.323,,85.45,84.55
459,SHP0100,100,53,0,0,-21.073,-22.05,-20.06,0.38,,86.18,85.51
460,SHP0479,479,56,0,0,-20.966,-22.06,-20.14,0.418,,85.64,85.16
461,SHP0238,238,14,0,0,5.375,4.18,10.48,1.52,,82.35,82.5
462,SHP0363,363,71,0,0,4.954,3.55,5.84,0.412,,86.06,85.89
463,SHP0161,161,18,0,4,-21.005,-21.89,-20.42,0.463,,83.17,65.61
464,SHP0297,297,70,1,0,-20.951,-21.86,-19.82,0.421,,84.17,83.59
465,SHP0201,201,14,0,0,5.105,4.2,6.03,0.53,,85.33,89.07
466,SHP0035,35,72,0,0,-20.784,-22.04,-2.82,2.185,,84.37,84.96
467,SHP0015,15,65,0,0,5.346,4.01,11.32,1.381,,84.47,84.65
468,SHP0345,345,29,0,0,-21.037,-21.7,-20.42,0.356,,83.09,84.0
469,SHP0380,380,71,0,0,5.028,4.32,6.1,0.376,,86.21,85.03
470,SHP0215,215,23,0,0,5.045,4.19,5.5,0.311,,84.42,88.57
471,SHP0096,96,46,0,0,-20.918,-21.96,-19.74,0.461,,86.82,82.72
472,SHP0024,24,68,0,0,5.118,4.12,6.01,0.384,,85.75,82.97
473,SHP0087,87,49,0,0,4.972,4.21,5.82,0.343,,84.6,84.16
474,SHP0397,397,21,0,0,-20.944,-21.7,-20.37,0.355,,84.61,88.05
475,SHP0368,368,35,0,0,-20.977,-21.53,-20.26,0.304,,83.38,85.03
476,SHP0088,88,38,0,0,5.036,4.17,5.89,0.324,,84.37,84.61
477,SHP0411,411,65,1,0,-20.905,-21.8,-19.93,0.428,,86.97,84.22
478,SHP0472,472,13,0,0,5.148,4.35,5.69,0.368,,82.41,85.38
479,SHP0291,291,43,1,0,5.022,3.8,5.98,0.454,,83.38,83.98
480,SHP0168,168,36,0,0,5.089,4.22,6.07,0.441,,85.75,85.78
481,SHP0082,82,66,0,0,-20.942,-22.01,-20.09,0.42,,86.3,86.08
482,SHP0418,418,22,0,0,-20.914,-21.66,-20.39,0.347,,84.91,85.18
483,SHP0422,422,37,1,0,-21.043,-22.02,-20.15,0.405,,83.11,83.65
484,SHP0385,385,45,0,0,-20.658,-22.11,-15.06,1.46,,86.33,85.73
485,SHP0487,487,63,0,0,-20.971,-21.84,-20.15,0.409,,86.23,86.44
486,SHP0048,48,44,0,0,-20.978,-21.75,-20.29,0.319,,84.56,84.64
487,SHP0166,166,22,0,0,-21.085,-21.84,-19.98,0.485,,83.4,82.14
488,SHP0003,3,58,0,0,4.982,3.95,5.63,0.355,,87.67,83.88
489,SHP0210,210,16,0,0,-20.909,-21.67,-20.37,0.392,,83.74,85.56
490,SHP0470,470,36,0,0,4.877,4.22,5.55,0.413,,85.7,84.28
491,SHP0233,233,19,0,0,-21.055,-21.79,-20.31,0.336,,83.83,82.63
492,SHP0299,299,17,0,0,-21.124,-21.97,-20.62,0.408,,87.01,87.12
493,SHP0295,295,35,0,0,5.014,4.12,5.78,0.357,,85.75,84.57
494,SHP0023,23,64,0,0,5.041,4.39,5.98,0.376,,85.59,83.66
495,SHP0496,496,17,0,0,-20.964,-22.08,-20.63,0.352,,85.08,88.88
496,SHP0216,216,27,0,0,4.99,4.45,5.57,0.321,,84.9,84.07
497,SHP0444,444,23,0,0,5.115,4.33,5.67,0.427,,84.56,83.91
498,SHP0085,85,31,0,0,4.965,4.12,6.0,0.406,,86.39,84.84
499,SHP0294,294,68,0,0,5.061,4.19,5.81,0.348,,85.85,85.4
500,SHP0001,1,22,0,4,-20.326,-21.77,-5.22,3.397,,85.27,66.91
