shipment_key,shipment_id,vehicle_key,product_key,departure_date_key,arrival_date_key,origin,destination,journey_duration_min,status,overall_compliance,temperature_status,sensor_reliability,custody_evidence_quality,route_reliability
1,SHP0001,58,1,20260801,20260801,Kochi,Hyderabad,106.0,Completed,Review,Warning,Valid,Complete,Normal
2,SHP0002,4,2,20260807,20260807,Bangalore,Chennai,99.0,Completed,Non-Compliant,Compliant,Review,Review,Normal
3,SHP0003,46,3,20260804,20260804,Coimbatore,Bengaluru,287.0,Completed,Review,Compliant,Valid,Review,Delayed
4,SHP0004,99,4,20260805,20260805,Chennai,Madurai,276.0,Completed,Compliant,Compliant,Valid,Complete,Normal
5,SHP0005,72,5,20260804,20260804,Coimbatore,Pune,256.0,Completed,Review,Compliant,Valid,Review,Delayed
6,SHP0006,43,6,20260806,20260806,Bangalore,Madurai,213.0,Completed,Non-Compliant,Critical,Valid,Complete,Delayed
7,SHP0007,53,7,20260804,20260804,Coimbatore,Salem,133.0,Completed,Non-Compliant,Critical,Valid,Review,Delayed
8,SHP0008,46,8,20260805,20260805,Bangalore,Mumbai,144.0,Completed,Non-Compliant,Critical,Valid,Complete,Delayed
9,SHP0009,20,9,20260807,20260807,Pune,Madurai,137.0,Completed,Review,Compliant,Review,Complete,Normal
10,SHP0010,28,10,20260803,20260803,Salem,Bengaluru,171.0,Completed,Non-Compliant,Critical,Valid,Complete,Delayed
11,SHP0011,99,11,20260807,20260807,Bangalore,Coimbatore,256.0,Completed,Compliant,Compliant,Valid,Complete,Normal
12,SHP0012,96,12,20260802,20260802,Madurai,Salem,131.0,Completed,Review,Compliant,Review,Complete,Normal
13,SHP0013,60,13,20260802,20260802,Hyderabad,Kochi,187.0,Completed,Non-Compliant,Critical,Valid,Review,Normal
14,SHP0014,52,14,20260803,20260803,Mumbai,Bengaluru,205.0,Completed,Compliant,Compliant,Valid,Complete,Normal
15,SHP0015,2,15,20260805,20260805,Chennai,Kochi,320.0,Completed,Non-Compliant,Critical,Valid,Complete,Deviation
16,SHP0016,41,16,20260806,20260806,Hyderabad,Salem,87.0,Completed,Compliant,Compliant,Valid,Complete,Normal
17,SHP0017,100,17,20260806,20260806,Hyderabad,Pune,183.0,Completed,Compliant,Compliant,Valid,Complete,Delayed
18,SHP0018,62,18,20260807,20260807,Pune,Bengaluru,66.0,Completed,Compliant,Compliant,Valid,Complete,Delayed
19,SHP0019,31,19,20260801,20260801,Madurai,Coimbatore,351.0,Completed,Non-Compliant,Critical,Valid,Complete,Normal
20,SHP0020,11,20,20260806,20260806,Salem,Madurai,148.0,Completed,Compliant,Compliant,Valid,Complete,Normal
21,SHP0021,97,21,20260801,20260801,Pune,Bangalore,94.0,Completed,Compliant,Compliant,Valid,Complete,Normal
22,SHP0022,2,22,20260803,20260803,Chennai,Kochi,90.0,Completed,Non-Compliant,Critical,Valid,Complete,Normal
23,SHP0023,37,23,20260804,20260804,Salem,Mumbai,316.0,Completed,Compliant,Compliant,Valid,Complete,Normal
24,SHP0024,92,24,20260804,20260804,Salem,Bangalore,335.0,Completed,Compliant,Compliant,Valid,Complete,Normal
25,SHP0025,10,25,20260806,20260806,Bengaluru,Coimbatore,218.0,Completed,Review,Warning,Review,Complete,Normal
26,SHP0026,26,26,20260807,20260807,Bangalore,Mumbai,139.0,Completed,Compliant,Compliant,Valid,Complete,Normal
27,SHP0027,19,27,20260805,20260805,Mumbai,Madurai,93.0,Completed,Review,Compliant,Review,Complete,Normal
28,SHP0028,7,28,20260806,20260806,Kochi,Salem,182.0,Completed,Compliant,Compliant,Valid,Complete,Normal
29,SHP0029,32,29,20260801,20260801,Chennai,Hyderabad,282.0,Completed,Compliant,Compliant,Valid,Complete,Delayed
30,SHP0030,83,30,20260806,20260806,Bangalore,Pune,88.0,Completed,Review,Compliant,Valid,Complete,Deviation
31,SHP0031,80,31,20260807,20260807,Kochi,Coimbatore,130.0,Completed,Compliant,Compliant,Valid,Complete,Normal
32,SHP0032,36,32,20260803,20260803,Chennai,Coimbatore,327.0,Completed,Compliant,Compliant,Valid,Complete,Normal
33,SHP0033,40,33,20260801,20260801,Mumbai,Kochi,124.0,Completed,Review,Compliant,Valid,Complete,Deviation
34,SHP0034,45,34,20260805,20260805,Kochi,Bangalore,279.0,Completed,Non-Compliant,Warning,Review,Review,Normal
35,SHP0035,63,35,20260806,20260806,Kochi,Mumbai,355.0,Completed,Review,Warning,Valid,Complete,Normal
36,SHP0036,90,36,20260805,20260805,Bangalore,Pune,244.0,Completed,Review,Compliant,Review,Complete,Normal
37,SHP0037,26,37,20260801,20260801,Chennai,Pune,248.0,Completed,Compliant,Compliant,Valid,Complete,Delayed
38,SHP0038,88,38,20260806,20260806,Coimbatore,Kochi,353.0,Completed,Review,Compliant,Valid,Review,Deviation
39,SHP0039,42,39,20260805,20260805,Bangalore,Hyderabad,61.0,Completed,Compliant,Compliant,Valid,Complete,Delayed
40,SHP0040,72,40,20260802,20260802,Chennai,Hyderabad,246.0,Completed,Non-Compliant,Critical,Valid,Complete,Delayed
41,SHP0041,86,41,20260801,20260801,Salem,Coimbatore,78.0,Completed,Review,Compliant,Valid,Complete,Deviation
42,SHP0042,91,42,20260806,20260806,Mumbai,Salem,187.0,Completed,Review,Compliant,Valid,Review,Delayed
43,SHP0043,21,43,20260801,20260801,Salem,Madurai,99.0,Completed,Review,Compliant,Review,Complete,Normal
44,SHP0044,70,44,20260803,20260803,Bengaluru,Madurai,86.0,Completed,Compliant,Compliant,Valid,Complete,Normal
45,SHP0045,8,45,20260801,20260801,Coimbatore,Hyderabad,265.0,Completed,Review,Compliant,Review,Complete,Normal
46,SHP0046,83,46,20260804,20260804,Bangalore,Pune,219.0,Completed,Review,Compliant,Valid,Review,Deviation
47,SHP0047,2,47,20260802,20260802,Madurai,Bangalore,64.0,Completed,Review,Warning,Valid,Complete,Normal
48,SHP0048,47,48,20260806,20260806,Madurai,Hyderabad,215.0,Completed,Review,Compliant,Review,Complete,Normal
49,SHP0049,100,49,20260801,20260801,Bengaluru,Hyderabad,312.0,Completed,Review,Compliant,Valid,Review,Normal
50,SHP0050,99,50,20260804,20260804,Hyderabad,Mumbai,63.0,Completed,Compliant,Compliant,Valid,Complete,Normal
51,SHP0051,59,51,20260802,20260802,Salem,Chennai,237.0,Completed,Review,Compliant,Valid,Review,Deviation
52,SHP0052,45,52,20260806,20260806,Chennai,Madurai,252.0,Completed,Non-Compliant,Critical,Review,Review,Deviation
53,SHP0053,18,53,20260806,20260806,Kochi,Bangalore,181.0,Completed,Compliant,Compliant,Valid,Complete,Normal
54,SHP0054,91,54,20260807,20260807,Salem,Pune,203.0,Completed,Compliant,Compliant,Valid,Complete,Normal
55,SHP0055,7,55,20260801,20260801,Bangalore,Chennai,326.0,Completed,Non-Compliant,Critical,Valid,Complete,Delayed
56,SHP0056,53,56,20260802,20260802,Salem,Madurai,103.0,Completed,Compliant,Compliant,Valid,Complete,Normal
57,SHP0057,17,57,20260801,20260801,Bengaluru,Bangalore,261.0,Completed,Non-Compliant,Critical,Valid,Complete,Normal
58,SHP0058,71,58,20260805,20260805,Bangalore,Bengaluru,282.0,Completed,Review,Warning,Review,Complete,Normal
59,SHP0059,41,59,20260802,20260802,Coimbatore,Hyderabad,221.0,Completed,Compliant,Compliant,Valid,Complete,Normal
60,SHP0060,45,60,20260801,20260801,Salem,Madurai,199.0,Completed,Review,Compliant,Valid,Review,Normal
61,SHP0061,49,61,20260802,20260802,Hyderabad,Bangalore,359.0,Completed,Review,Compliant,Valid,Review,Normal
62,SHP0062,16,62,20260804,20260804,Bangalore,Coimbatore,290.0,Completed,Non-Compliant,Critical,Valid,Complete,Normal
63,SHP0063,17,63,20260802,20260802,Pune,Madurai,334.0,Completed,Compliant,Compliant,Valid,Complete,Normal
64,SHP0064,80,64,20260804,20260804,Madurai,Hyderabad,297.0,Completed,Non-Compliant,Critical,Valid,Complete,Delayed
65,SHP0065,33,65,20260801,20260801,Kochi,Bangalore,215.0,Completed,Non-Compliant,Critical,Valid,Complete,Normal
66,SHP0066,61,66,20260802,20260802,Bengaluru,Chennai,227.0,Completed,Non-Compliant,Compliant,Review,Review,Delayed
67,SHP0067,28,67,20260801,20260801,Coimbatore,Bangalore,242.0,Completed,Non-Compliant,Critical,Valid,Complete,Delayed
68,SHP0068,61,68,20260806,20260806,Salem,Mumbai,213.0,Completed,Non-Compliant,Compliant,Review,Review,Delayed
69,SHP0069,83,69,20260801,20260801,Kochi,Coimbatore,291.0,Completed,Review,Warning,Valid,Review,Normal
70,SHP0070,59,70,20260805,20260805,Mumbai,Hyderabad,112.0,Completed,Non-Compliant,Critical,Valid,Complete,Normal
71,SHP0071,71,71,20260806,20260806,Coimbatore,Bangalore,173.0,Completed,Non-Compliant,Compliant,Review,Review,Normal
72,SHP0072,51,72,20260803,20260803,Coimbatore,Hyderabad,103.0,Completed,Compliant,Compliant,Valid,Complete,Delayed
73,SHP0073,64,73,20260801,20260801,Bengaluru,Kochi,93.0,Completed,Review,Compliant,Review,Complete,Delayed
74,SHP0074,34,74,20260805,20260805,Hyderabad,Pune,229.0,Completed,Compliant,Compliant,Valid,Complete,Normal
75,SHP0075,70,75,20260806,20260806,Bangalore,Chennai,146.0,Completed,Review,Compliant,Valid,Complete,Deviation
76,SHP0076,71,76,20260802,20260802,Bengaluru,Salem,314.0,Completed,Non-Compliant,Critical,Valid,Complete,Normal
77,SHP0077,37,77,20260807,20260807,Chennai,Salem,148.0,Completed,Review,Compliant,Valid,Review,Deviation
78,SHP0078,36,78,20260801,20260801,Madurai,Hyderabad,203.0,Completed,Compliant,Compliant,Valid,Complete,Normal
79,SHP0079,62,79,20260802,20260802,Pune,Coimbatore,185.0,Completed,Non-Compliant,Critical,Valid,Complete,Delayed
80,SHP0080,87,80,20260804,20260804,Kochi,Pune,341.0,Completed,Compliant,Compliant,Valid,Complete,Normal
81,SHP0081,39,81,20260802,20260802,Pune,Chennai,256.0,Completed,Review,Compliant,Valid,Review,Delayed
82,SHP0082,23,82,20260806,20260806,Coimbatore,Salem,329.0,Completed,Non-Compliant,Compliant,Review,Review,Normal
83,SHP0083,17,83,20260804,20260804,Hyderabad,Mumbai,243.0,Completed,Review,Compliant,Valid,Complete,Deviation
84,SHP0084,58,84,20260805,20260805,Pune,Mumbai,349.0,Completed,Review,Compliant,Valid,Review,Normal
85,SHP0085,71,85,20260807,20260807,Mumbai,Madurai,152.0,Completed,Compliant,Compliant,Valid,Complete,Normal
86,SHP0086,16,86,20260801,20260801,Chennai,Madurai,75.0,Completed,Compliant,Compliant,Valid,Complete,Normal
87,SHP0087,60,87,20260803,20260803,Kochi,Chennai,243.0,Completed,Review,Compliant,Valid,Complete,Deviation
88,SHP0088,40,88,20260803,20260803,Bengaluru,Hyderabad,186.0,Completed,Compliant,Compliant,Valid,Complete,Normal
89,SHP0089,16,89,20260803,20260803,Hyderabad,Kochi,88.0,Completed,Compliant,Compliant,Valid,Complete,Normal
90,SHP0090,22,90,20260806,20260806,Hyderabad,Bengaluru,148.0,Completed,Review,Compliant,Review,Complete,Delayed
91,SHP0091,23,91,20260801,20260801,Coimbatore,Hyderabad,243.0,Completed,Review,Compliant,Review,Complete,Normal
92,SHP0092,30,92,20260802,20260802,Bengaluru,Chennai,240.0,Completed,Compliant,Compliant,Valid,Complete,Normal
93,SHP0093,49,93,20260803,20260803,Bengaluru,Coimbatore,312.0,Completed,Review,Compliant,Valid,Complete,Deviation
94,SHP0094,40,94,20260806,20260806,Mumbai,Kochi,79.0,Completed,Compliant,Compliant,Valid,Complete,Delayed
95,SHP0095,10,95,20260803,20260803,Bangalore,Chennai,172.0,Completed,Compliant,Compliant,Valid,Complete,Normal
96,SHP0096,26,96,20260802,20260802,Chennai,Mumbai,229.0,Completed,Compliant,Compliant,Valid,Complete,Normal
97,SHP0097,95,97,20260806,20260806,Bengaluru,Hyderabad,150.0,Completed,Review,Compliant,Valid,Review,Delayed
98,SHP0098,26,98,20260806,20260806,Madurai,Chennai,360.0,Completed,Review,Compliant,Review,Complete,Normal
99,SHP0099,42,99,20260803,20260803,Coimbatore,Bangalore,246.0,Completed,Compliant,Compliant,Valid,Complete,Delayed
100,SHP0100,51,100,20260804,20260804,Bangalore,Madurai,262.0,Completed,Compliant,Compliant,Valid,Complete,Normal
101,SHP0101,40,101,20260802,20260802,Bengaluru,Bangalore,225.0,Completed,Review,Warning,Valid,Complete,Normal
102,SHP0102,62,102,20260805,20260805,Coimbatore,Salem,222.0,Completed,Compliant,Compliant,Valid,Complete,Normal
103,SHP0103,85,103,20260801,20260801,Coimbatore,Mumbai,242.0,Completed,Compliant,Compliant,Valid,Complete,Normal
104,SHP0104,40,104,20260805,20260805,Hyderabad,Bengaluru,217.0,Completed,Non-Compliant,Critical,Valid,Complete,Normal
105,SHP0105,5,105,20260804,20260804,Kochi,Coimbatore,60.0,Completed,Review,Warning,Valid,Complete,Delayed
106,SHP0106,2,106,20260804,20260804,Bengaluru,Salem,153.0,Completed,Non-Compliant,Critical,Valid,Review,Delayed
107,SHP0107,47,107,20260805,20260805,Bengaluru,Madurai,349.0,Completed,Non-Compliant,Critical,Review,Complete,Normal
108,SHP0108,79,108,20260807,20260807,Bangalore,Pune,99.0,Completed,Compliant,Compliant,Valid,Complete,Delayed
109,SHP0109,4,109,20260805,20260805,Hyderabad,Madurai,105.0,Completed,Compliant,Compliant,Valid,Complete,Normal
110,SHP0110,63,110,20260805,20260805,Madurai,Pune,167.0,Completed,Compliant,Compliant,Valid,Complete,Delayed
111,SHP0111,65,111,20260802,20260802,Hyderabad,Bangalore,115.0,Completed,Compliant,Compliant,Valid,Complete,Normal
112,SHP0112,11,112,20260801,20260801,Chennai,Salem,274.0,Completed,Compliant,Compliant,Valid,Complete,Normal
113,SHP0113,83,113,20260805,20260805,Coimbatore,Salem,253.0,Completed,Review,Compliant,Valid,Complete,Deviation
114,SHP0114,42,114,20260807,20260807,Madurai,Mumbai,305.0,Completed,Compliant,Compliant,Valid,Complete,Normal
115,SHP0115,19,115,20260802,20260802,Bengaluru,Hyderabad,97.0,Completed,Review,Compliant,Review,Complete,Normal
116,SHP0116,18,116,20260805,20260805,Chennai,Kochi,193.0,Completed,Non-Compliant,Compliant,Review,Review,Delayed
117,SHP0117,86,117,20260802,20260802,Bangalore,Madurai,252.0,Completed,Review,Compliant,Valid,Review,Delayed
118,SHP0118,51,118,20260807,20260807,Coimbatore,Bangalore,107.0,Completed,Compliant,Compliant,Valid,Complete,Normal
119,SHP0119,52,119,20260801,20260801,Madurai,Bengaluru,307.0,Completed,Compliant,Compliant,Valid,Complete,Normal
120,SHP0120,39,120,20260806,20260806,Chennai,Salem,282.0,Completed,Compliant,Compliant,Valid,Complete,Normal
121,SHP0121,81,121,20260803,20260803,Coimbatore,Chennai,165.0,Completed,Compliant,Compliant,Valid,Complete,Normal
122,SHP0122,35,122,20260805,20260805,Hyderabad,Salem,336.0,Completed,Review,Compliant,Valid,Review,Delayed
123,SHP0123,64,123,20260804,20260804,Kochi,Hyderabad,261.0,Completed,Non-Compliant,Compliant,Review,Review,Deviation
124,SHP0124,95,124,20260802,20260802,Bengaluru,Mumbai,87.0,Completed,Compliant,Compliant,Valid,Complete,Normal
125,SHP0125,86,125,20260803,20260803,Madurai,Chennai,210.0,Completed,Compliant,Compliant,Valid,Complete,Delayed
126,SHP0126,82,126,20260801,20260801,Bengaluru,Pune,73.0,Completed,Review,Compliant,Valid,Complete,Deviation
127,SHP0127,18,127,20260802,20260802,Hyderabad,Coimbatore,101.0,Completed,Review,Compliant,Review,Complete,Deviation
128,SHP0128,98,128,20260802,20260802,Pune,Bangalore,263.0,Completed,Review,Compliant,Valid,Complete,Deviation
129,SHP0129,81,129,20260804,20260804,Pune,Kochi,338.0,Completed,Compliant,Compliant,Valid,Complete,Delayed
130,SHP0130,19,130,20260801,20260801,Salem,Coimbatore,255.0,Completed,Review,Compliant,Review,Complete,Normal
131,SHP0131,65,131,20260804,20260804,Madurai,Coimbatore,194.0,Completed,Review,Compliant,Valid,Complete,Deviation
132,SHP0132,41,132,20260805,20260805,Pune,Kochi,197.0,Completed,Review,Compliant,Valid,Review,Deviation
133,SHP0133,49,133,20260804,20260804,Bengaluru,Chennai,109.0,Completed,Review,Compliant,Valid,Complete,Deviation
134,SHP0134,70,134,20260802,20260802,Bangalore,Madurai,176.0,Completed,Non-Compliant,Critical,Valid,Review,Delayed
135,SHP0135,75,135,20260801,20260801,Mumbai,Chennai,327.0,Completed,Compliant,Compliant,Valid,Complete,Normal
136,SHP0136,90,136,20260804,20260804,Salem,Mumbai,303.0,Completed,Review,Compliant,Review,Complete,Normal
137,SHP0137,57,137,20260801,20260801,Bengaluru,Hyderabad,100.0,Completed,Non-Compliant,Critical,Valid,Review,Normal
138,SHP0138,58,138,20260806,20260806,Salem,Chennai,324.0,Completed,Compliant,Compliant,Valid,Complete,Delayed
139,SHP0139,35,139,20260801,20260801,Bengaluru,Coimbatore,289.0,Completed,Compliant,Compliant,Valid,Complete,Normal
140,SHP0140,23,140,20260805,20260805,Coimbatore,Hyderabad,81.0,Completed,Review,Compliant,Review,Complete,Normal
141,SHP0141,97,141,20260802,20260802,Salem,Bangalore,163.0,Completed,Compliant,Compliant,Valid,Complete,Normal
142,SHP0142,20,142,20260806,20260806,Coimbatore,Bengaluru,94.0,Completed,Review,Compliant,Review,Complete,Normal
143,SHP0143,49,143,20260806,20260806,Bangalore,Salem,342.0,Completed,Compliant,Compliant,Valid,Complete,Delayed
144,SHP0144,1,144,20260805,20260805,Madurai,Kochi,66.0,Completed,Compliant,Compliant,Valid,Complete,Normal
145,SHP0145,61,145,20260807,20260807,Bengaluru,Mumbai,272.0,Completed,Review,Warning,Valid,Complete,Delayed
146,SHP0146,93,146,20260807,20260807,Coimbatore,Bengaluru,111.0,Completed,Review,Compliant,Valid,Review,Delayed
147,SHP0147,39,147,20260801,20260801,Bangalore,Bengaluru,206.0,Completed,Review,Compliant,Valid,Complete,Deviation
148,SHP0148,18,148,20260801,20260801,Mumbai,Madurai,256.0,Completed,Compliant,Compliant,Valid,Complete,Normal
149,SHP0149,20,149,20260801,20260801,Pune,Bengaluru,79.0,Completed,Review,Compliant,Review,Complete,Delayed
150,SHP0150,5,150,20260806,20260806,Coimbatore,Kochi,265.0,Completed,Non-Compliant,Critical,Valid,Complete,Deviation
151,SHP0151,54,151,20260801,20260801,Chennai,Salem,181.0,Completed,Compliant,Compliant,Valid,Complete,Delayed
152,SHP0152,90,152,20260801,20260801,Chennai,Pune,250.0,Completed,Non-Compliant,Critical,Review,Complete,Normal
153,SHP0153,57,153,20260802,20260802,Chennai,Madurai,203.0,Completed,Compliant,Compliant,Valid,Complete,Normal
154,SHP0154,98,154,20260807,20260807,Pune,Bangalore,213.0,Completed,Review,Compliant,Review,Complete,Delayed
155,SHP0155,79,155,20260805,20260805,Pune,Madurai,273.0,Completed,Review,Compliant,Valid,Review,Deviation
156,SHP0156,32,156,20260806,20260806,Bengaluru,Bangalore,168.0,Completed,Review,Compliant,Valid,Review,Delayed
157,SHP0157,65,157,20260806,20260806,Salem,Pune,251.0,Completed,Non-Compliant,Critical,Valid,Complete,Normal
158,SHP0158,88,158,20260802,20260802,Chennai,Mumbai,219.0,Completed,Compliant,Compliant,Valid,Complete,Normal
159,SHP0159,98,159,20260804,20260804,Mumbai,Salem,328.0,Completed,Non-Compliant,Critical,Review,Complete,Deviation
160,SHP0160,35,160,20260802,20260802,Bengaluru,Chennai,162.0,Completed,Non-Compliant,Critical,Valid,Complete,Normal
161,SHP0161,56,161,20260806,20260806,Chennai,Hyderabad,85.0,Completed,Review,Compliant,Valid,Review,Deviation
162,SHP0162,64,162,20260805,20260805,Madurai,Hyderabad,297.0,Completed,Review,Compliant,Review,Complete,Deviation
163,SHP0163,91,163,20260805,20260805,Mumbai,Salem,123.0,Completed,Review,Compliant,Valid,Review,Normal
164,SHP0164,72,164,20260803,20260803,Chennai,Hyderabad,288.0,Completed,Compliant,Compliant,Valid,Complete,Normal
165,SHP0165,42,165,20260804,20260804,Coimbatore,Pune,239.0,Completed,Compliant,Compliant,Valid,Complete,Delayed
166,SHP0166,12,166,20260807,20260807,Madurai,Coimbatore,106.0,Completed,Review,Compliant,Review,Complete,Normal
167,SHP0167,85,167,20260806,20260806,Kochi,Chennai,143.0,Completed,Compliant,Compliant,Valid,Complete,Normal
168,SHP0168,2,168,20260807,20260807,Bengaluru,Hyderabad,175.0,Completed,Compliant,Compliant,Valid,Complete,Normal
169,SHP0169,52,169,20260802,20260802,Hyderabad,Kochi,322.0,Completed,Compliant,Compliant,Valid,Complete,Normal
170,SHP0170,36,170,20260807,20260807,Chennai,Pune,148.0,Completed,Compliant,Compliant,Valid,Complete,Normal
171,SHP0171,43,171,20260805,20260805,Bengaluru,Chennai,216.0,Completed,Non-Compliant,Critical,Valid,Complete,Normal
172,SHP0172,46,172,20260802,20260802,Kochi,Salem,238.0,Completed,Compliant,Compliant,Valid,Complete,Normal
173,SHP0173,88,173,20260804,20260804,Pune,Kochi,214.0,Completed,Compliant,Compliant,Valid,Complete,Delayed
174,SHP0174,82,174,20260803,20260803,Mumbai,Bengaluru,112.0,Completed,Compliant,Compliant,Valid,Complete,Normal
175,SHP0175,56,175,20260803,20260803,Chennai,Mumbai,251.0,Completed,Review,Compliant,Valid,Complete,Deviation
176,SHP0176,63,176,20260801,20260801,Mumbai,Bengaluru,212.0,Completed,Compliant,Compliant,Valid,Complete,Normal
177,SHP0177,31,177,20260807,20260807,Bangalore,Pune,201.0,Completed,Non-Compliant,Critical,Valid,Complete,Normal
178,SHP0178,72,178,20260807,20260807,Madurai,Kochi,212.0,Completed,Compliant,Compliant,Valid,Complete,Normal
179,SHP0179,58,179,20260802,20260802,Hyderabad,Coimbatore,183.0,Completed,Non-Compliant,Critical,Valid,Complete,Normal
180,SHP0180,6,180,20260803,20260803,Chennai,Bengaluru,223.0,Completed,Compliant,Compliant,Valid,Complete,Normal
181,SHP0181,24,181,20260803,20260803,Coimbatore,Chennai,211.0,Completed,Compliant,Compliant,Valid,Complete,Normal
182,SHP0182,53,182,20260803,20260803,Kochi,Salem,78.0,Completed,Compliant,Compliant,Valid,Complete,Normal
183,SHP0183,86,183,20260805,20260805,Bengaluru,Hyderabad,173.0,Completed,Review,Warning,Valid,Review,Normal
184,SHP0184,33,184,20260807,20260807,Mumbai,Pune,319.0,Completed,Compliant,Compliant,Valid,Complete,Normal
185,SHP0185,4,185,20260804,20260804,Kochi,Coimbatore,345.0,Completed,Non-Compliant,Compliant,Review,Review,Normal
186,SHP0186,23,186,20260804,20260804,Coimbatore,Kochi,125.0,Completed,Non-Compliant,Compliant,Review,Review,Delayed
187,SHP0187,43,187,20260802,20260802,Kochi,Mumbai,231.0,Completed,Compliant,Compliant,Valid,Complete,Normal
188,SHP0188,10,188,20260802,20260802,Bangalore,Hyderabad,217.0,Completed,Review,Compliant,Review,Complete,Normal
189,SHP0189,24,189,20260804,20260804,Salem,Madurai,359.0,Completed,Non-Compliant,Critical,Valid,Review,Normal
190,SHP0190,93,190,20260805,20260805,Kochi,Pune,87.0,Completed,Review,Compliant,Valid,Review,Normal
191,SHP0191,75,191,20260804,20260804,Bengaluru,Bangalore,159.0,Completed,Compliant,Compliant,Valid,Complete,Normal
192,SHP0192,39,192,20260805,20260805,Mumbai,Bangalore,331.0,Completed,Compliant,Compliant,Valid,Complete,Normal
193,SHP0193,30,193,20260806,20260806,Kochi,Salem,137.0,Completed,Non-Compliant,Critical,Valid,Complete,Normal
194,SHP0194,42,194,20260802,20260802,Coimbatore,Hyderabad,351.0,Completed,Review,Compliant,Valid,Review,Normal
195,SHP0195,70,195,20260801,20260801,Pune,Coimbatore,152.0,Completed,Review,Warning,Valid,Complete,Normal
196,SHP0196,21,196,20260803,20260803,Bangalore,Pune,150.0,Completed,Non-Compliant,Warning,Review,Review,Normal
197,SHP0197,43,197,20260804,20260804,Madurai,Chennai,200.0,Completed,Review,Warning,Valid,Complete,Delayed
198,SHP0198,10,198,20260807,20260807,Hyderabad,Coimbatore,141.0,Completed,Compliant,Compliant,Valid,Complete,Normal
199,SHP0199,20,199,20260805,20260805,Pune,Bangalore,282.0,Completed,Non-Compliant,Compliant,Review,Review,Normal
200,SHP0200,53,200,20260805,20260805,Salem,Pune,79.0,Completed,Compliant,Compliant,Valid,Complete,Normal
201,SHP0201,6,201,20260801,20260801,Mumbai,Hyderabad,67.0,Completed,Review,Compliant,Valid,Complete,Deviation
202,SHP0202,60,202,20260807,20260807,Madurai,Mumbai,62.0,Completed,Compliant,Compliant,Valid,Complete,Normal
203,SHP0203,56,203,20260807,20260807,Hyderabad,Madurai,112.0,Completed,Compliant,Compliant,Valid,Complete,Normal
204,SHP0204,36,204,20260805,20260805,Salem,Mumbai,145.0,Completed,Non-Compliant,Critical,Valid,Complete,Normal
205,SHP0205,97,205,20260807,20260807,Bangalore,Chennai,293.0,Completed,Review,Warning,Valid,Complete,Normal
206,SHP0206,2,206,20260801,20260801,Mumbai,Bengaluru,282.0,Completed,Non-Compliant,Critical,Valid,Complete,Normal
207,SHP0207,79,207,20260804,20260804,Coimbatore,Madurai,156.0,Completed,Review,Compliant,Valid,Complete,Deviation
208,SHP0208,17,208,20260807,20260807,Coimbatore,Salem,174.0,Completed,Review,Warning,Valid,Complete,Delayed
209,SHP0209,7,209,20260802,20260802,Coimbatore,Hyderabad,318.0,Completed,Non-Compliant,Critical,Valid,Review,Normal
210,SHP0210,96,210,20260804,20260804,Coimbatore,Bangalore,79.0,Completed,Compliant,Compliant,Valid,Complete,Normal
211,SHP0211,56,211,20260805,20260805,Salem,Kochi,84.0,Completed,Compliant,Compliant,Valid,Complete,Delayed
212,SHP0212,17,212,20260803,20260803,Bengaluru,Chennai,70.0,Completed,Review,Compliant,Valid,Review,Delayed
213,SHP0213,59,213,20260807,20260807,Chennai,Bangalore,254.0,Completed,Compliant,Compliant,Valid,Complete,Normal
214,SHP0214,24,214,20260807,20260807,Bangalore,Mumbai,138.0,Completed,Review,Compliant,Valid,Review,Deviation
215,SHP0215,59,215,20260803,20260803,Hyderabad,Chennai,111.0,Completed,Non-Compliant,Compliant,Review,Review,Delayed
216,SHP0216,8,216,20260804,20260804,Mumbai,Kochi,130.0,Completed,Review,Compliant,Review,Complete,Normal
217,SHP0217,90,217,20260806,20260806,Salem,Bangalore,120.0,Completed,Review,Compliant,Review,Complete,Deviation
218,SHP0218,100,218,20260804,20260804,Kochi,Bangalore,161.0,Completed,Review,Compliant,Valid,Review,Normal
219,SHP0219,47,219,20260804,20260804,Bengaluru,Hyderabad,327.0,Completed,Non-Compliant,Compliant,Review,Review,Normal
220,SHP0220,51,220,20260802,20260802,Hyderabad,Madurai,211.0,Completed,Review,Compliant,Valid,Review,Normal
221,SHP0221,36,221,20260806,20260806,Coimbatore,Chennai,166.0,Completed,Compliant,Compliant,Valid,Complete,Delayed
222,SHP0222,8,222,20260803,20260803,Pune,Madurai,66.0,Completed,Non-Compliant,Compliant,Review,Review,Normal
223,SHP0223,50,223,20260806,20260806,Bangalore,Bengaluru,136.0,Completed,Compliant,Compliant,Valid,Complete,Normal
224,SHP0224,7,224,20260803,20260803,Bangalore,Mumbai,111.0,Completed,Compliant,Compliant,Valid,Complete,Normal
225,SHP0225,41,225,20260807,20260807,Kochi,Hyderabad,195.0,Completed,Compliant,Compliant,Valid,Complete,Normal
226,SHP0226,97,226,20260805,20260805,Pune,Chennai,149.0,Completed,Compliant,Compliant,Valid,Complete,Normal
227,SHP0227,37,227,20260802,20260802,Chennai,Kochi,220.0,Completed,Review,Compliant,Valid,Review,Normal
228,SHP0228,5,228,20260802,20260802,Salem,Bangalore,83.0,Completed,Compliant,Compliant,Valid,Complete,Normal
229,SHP0229,52,229,20260805,20260805,Chennai,Coimbatore,147.0,Completed,Review,Compliant,Review,Complete,Normal
230,SHP0230,31,230,20260806,20260806,Madurai,Pune,107.0,Completed,Compliant,Compliant,Valid,Complete,Normal
231,SHP0231,87,231,20260807,20260807,Madurai,Coimbatore,264.0,Completed,Compliant,Compliant,Valid,Complete,Normal
232,SHP0232,92,232,20260801,20260801,Pune,Kochi,304.0,Completed,Review,Warning,Valid,Review,Normal
233,SHP0233,23,233,20260802,20260802,Salem,Coimbatore,90.0,Completed,Review,Compliant,Review,Complete,Delayed
234,SHP0234,23,234,20260807,20260807,Coimbatore,Bangalore,307.0,Completed,Compliant,Compliant,Valid,Complete,Normal
235,SHP0235,90,235,20260802,20260802,Bengaluru,Pune,254.0,Completed,Review,Compliant,Review,Complete,Delayed
236,SHP0236,85,236,20260802,20260802,Madurai,Bengaluru,126.0,Completed,Non-Compliant,Critical,Valid,Complete,Deviation
237,SHP0237,7,237,20260807,20260807,Pune,Bangalore,83.0,Completed,Review,Compliant,Review,Complete,Normal
238,SHP0238,33,238,20260806,20260806,Bangalore,Kochi,66.0,Completed,Review,Warning,Review,Complete,Deviation
239,SHP0239,91,239,20260803,20260803,Mumbai,Bengaluru,174.0,Completed,Compliant,Compliant,Valid,Complete,Normal
240,SHP0240,85,240,20260805,20260805,Madurai,Mumbai,108.0,Completed,Non-Compliant,Critical,Valid,Complete,Normal
241,SHP0241,79,241,20260801,20260801,Salem,Hyderabad,257.0,Completed,Review,Compliant,Valid,Review,Normal
242,SHP0242,91,242,20260802,20260802,Coimbatore,Mumbai,65.0,Completed,Compliant,Compliant,Valid,Complete,Normal
243,SHP0243,80,243,20260801,20260801,Coimbatore,Mumbai,313.0,Completed,Review,Compliant,Valid,Review,Normal
244,SHP0244,59,244,20260806,20260806,Coimbatore,Bangalore,183.0,Completed,Review,Compliant,Review,Complete,Delayed
245,SHP0245,90,245,20260807,20260807,Madurai,Kochi,174.0,Completed,Review,Compliant,Review,Complete,Normal
246,SHP0246,10,246,20260804,20260804,Mumbai,Salem,180.0,Completed,Review,Compliant,Review,Complete,Normal
247,SHP0247,62,247,20260806,20260806,Bangalore,Pune,353.0,Completed,Compliant,Compliant,Valid,Complete,Delayed
248,SHP0248,5,248,20260805,20260805,Pune,Bangalore,221.0,Completed,Compliant,Compliant,Valid,Complete,Delayed
249,SHP0249,57,249,20260807,20260807,Bangalore,Pune,69.0,Completed,Review,Warning,Valid,Complete,Delayed
250,SHP0250,87,250,20260805,20260805,Bangalore,Salem,345.0,Completed,Compliant,Compliant,Valid,Complete,Normal
251,SHP0251,35,251,20260803,20260803,Mumbai,Chennai,215.0,Completed,Compliant,Compliant,Valid,Complete,Normal
252,SHP0252,12,252,20260801,20260801,Mumbai,Hyderabad,293.0,Completed,Non-Compliant,Critical,Valid,Review,Normal
253,SHP0253,45,253,20260802,20260802,Madurai,Chennai,292.0,Completed,Review,Compliant,Review,Complete,Delayed
254,SHP0254,82,254,20260802,20260802,Madurai,Mumbai,302.0,Completed,Compliant,Compliant,Valid,Complete,Normal
255,SHP0255,57,255,20260804,20260804,Madurai,Pune,173.0,Completed,Compliant,Compliant,Valid,Complete,Delayed
256,SHP0256,22,256,20260804,20260804,Chennai,Madurai,209.0,Completed,Non-Compliant,Compliant,Review,Review,Deviation
257,SHP0257,21,257,20260802,20260802,Mumbai,Madurai,83.0,Completed,Review,Compliant,Review,Complete,Delayed
258,SHP0258,87,258,20260801,20260801,Coimbatore,Pune,269.0,Completed,Compliant,Compliant,Valid,Complete,Normal
259,SHP0259,21,259,20260806,20260806,Bangalore,Kochi,156.0,Completed,Review,Compliant,Review,Complete,Normal
260,SHP0260,5,260,20260807,20260807,Bangalore,Salem,157.0,Completed,Compliant,Compliant,Valid,Complete,Normal
261,SHP0261,65,261,20260807,20260807,Madurai,Bangalore,123.0,Completed,Compliant,Compliant,Valid,Complete,Normal
262,SHP0262,34,262,20260802,20260802,Pune,Bengaluru,315.0,Completed,Compliant,Compliant,Valid,Complete,Delayed
263,SHP0263,71,263,20260803,20260803,Chennai,Mumbai,343.0,Completed,Review,Compliant,Valid,Complete,Deviation
264,SHP0264,4,264,20260802,20260802,Salem,Bengaluru,320.0,Completed,Non-Compliant,Compliant,Review,Review,Normal
265,SHP0265,37,265,20260805,20260805,Coimbatore,Bengaluru,125.0,Completed,Review,Compliant,Valid,Review,Normal
266,SHP0266,58,266,20260803,20260803,Bangalore,Salem,224.0,Completed,Compliant,Compliant,Valid,Complete,Normal
267,SHP0267,72,267,20260806,20260806,Mumbai,Salem,187.0,Completed,Compliant,Compliant,Valid,Complete,Normal
268,SHP0268,1,268,20260802,20260802,Kochi,Salem,291.0,Completed,Review,Compliant,Valid,Complete,Deviation
269,SHP0269,24,269,20260802,20260802,Coimbatore,Salem,322.0,Completed,Compliant,Compliant,Valid,Complete,Delayed
270,SHP0270,70,270,20260804,20260804,Kochi,Mumbai,343.0,Completed,Compliant,Compliant,Valid,Complete,Normal
271,SHP0271,86,271,20260807,20260807,Hyderabad,Bengaluru,236.0,Completed,Compliant,Compliant,Valid,Complete,Normal
272,SHP0272,20,272,20260802,20260802,Coimbatore,Mumbai,225.0,Completed,Review,Compliant,Review,Complete,Normal
273,SHP0273,32,273,20260805,20260805,Bangalore,Madurai,358.0,Completed,Compliant,Compliant,Valid,Complete,Normal
274,SHP0274,6,274,20260804,20260804,Bengaluru,Salem,333.0,Completed,Compliant,Compliant,Valid,Complete,Delayed
275,SHP0275,96,275,20260801,20260801,Kochi,Salem,114.0,Completed,Review,Compliant,Valid,Complete,Deviation
276,SHP0276,57,276,20260805,20260805,Chennai,Salem,88.0,Completed,Review,Compliant,Valid,Complete,Deviation
277,SHP0277,31,277,20260805,20260805,Hyderabad,Kochi,188.0,Completed,Review,Compliant,Valid,Review,Delayed
278,SHP0278,87,278,20260806,20260806,Coimbatore,Chennai,211.0,Completed,Compliant,Compliant,Valid,Complete,Normal
279,SHP0279,95,279,20260801,20260801,Hyderabad,Mumbai,291.0,Completed,Non-Compliant,Critical,Valid,Complete,Normal
280,SHP0280,1,280,20260806,20260806,Bangalore,Bengaluru,347.0,Completed,Review,Compliant,Valid,Review,Normal
281,SHP0281,62,281,20260804,20260804,Hyderabad,Mumbai,321.0,Completed,Review,Compliant,Valid,Review,Normal
282,SHP0282,54,282,20260805,20260805,Kochi,Chennai,273.0,Completed,Compliant,Compliant,Valid,Complete,Normal
283,SHP0283,5,283,20260801,20260801,Madurai,Mumbai,188.0,Completed,Compliant,Compliant,Valid,Complete,Normal
284,SHP0284,52,284,20260804,20260804,Hyderabad,Bengaluru,175.0,Completed,Compliant,Compliant,Valid,Complete,Delayed
285,SHP0285,19,285,20260804,20260804,Madurai,Bengaluru,160.0,Completed,Review,Compliant,Review,Complete,Normal
286,SHP0286,70,286,20260805,20260805,Hyderabad,Kochi,98.0,Completed,Review,Compliant,Valid,Review,Normal
287,SHP0287,37,287,20260806,20260806,Coimbatore,Mumbai,80.0,Completed,Compliant,Compliant,Valid,Complete,Normal
288,SHP0288,92,288,20260802,20260802,Salem,Kochi,126.0,Completed,Non-Compliant,Critical,Review,Review,Delayed
289,SHP0289,1,289,20260804,20260804,Coimbatore,Bengaluru,229.0,Completed,Review,Compliant,Valid,Review,Normal
290,SHP0290,45,290,20260803,20260803,Pune,Coimbatore,225.0,Completed,Review,Compliant,Review,Complete,Normal
291,SHP0291,90,291,20260803,20260803,Bengaluru,Chennai,214.0,Completed,Review,Compliant,Review,Complete,Normal
292,SHP0292,79,292,20260803,20260803,Pune,Bengaluru,97.0,Completed,Review,Compliant,Valid,Review,Normal
293,SHP0293,98,293,20260801,20260801,Madurai,Mumbai,326.0,Completed,Review,Compliant,Review,Complete,Normal
294,SHP0294,37,294,20260801,20260801,Bangalore,Mumbai,338.0,Completed,Compliant,Compliant,Valid,Complete,Delayed
295,SHP0295,21,295,20260805,20260805,Mumbai,Salem,173.0,Completed,Review,Compliant,Review,Complete,Normal
296,SHP0296,26,296,20260803,20260803,Hyderabad,Madurai,210.0,Completed,Compliant,Compliant,Valid,Complete,Normal
297,SHP0297,100,297,20260807,20260807,Hyderabad,Bengaluru,347.0,Completed,Compliant,Compliant,Valid,Complete,Delayed
298,SHP0298,93,298,20260801,20260801,Chennai,Bangalore,288.0,Completed,Compliant,Compliant,Valid,Complete,Normal
299,SHP0299,4,299,20260806,20260806,Hyderabad,Bengaluru,80.0,Completed,Review,Compliant,Review,Complete,Normal
300,SHP0300,65,300,20260801,20260801,Madurai,Salem,191.0,Completed,Non-Compliant,Critical,Valid,Complete,Normal
301,SHP0301,32,301,20260803,20260803,Mumbai,Kochi,324.0,Completed,Compliant,Compliant,Valid,Complete,Normal
302,SHP0302,64,302,20260807,20260807,Madurai,Mumbai,309.0,Completed,Review,Compliant,Review,Complete,Deviation
303,SHP0303,35,303,20260804,20260804,Chennai,Kochi,224.0,Completed,Review,Compliant,Valid,Review,Normal
304,SHP0304,63,304,20260804,20260804,Mumbai,Bangalore,335.0,Completed,Compliant,Compliant,Valid,Complete,Normal
305,SHP0305,19,305,20260807,20260807,Mumbai,Chennai,167.0,Completed,Non-Compliant,Compliant,Review,Review,Normal
306,SHP0306,83,306,20260803,20260803,Hyderabad,Salem,335.0,Completed,Review,Warning,Valid,Complete,Delayed
307,SHP0307,46,307,20260803,20260803,Salem,Bangalore,138.0,Completed,Compliant,Compliant,Valid,Complete,Normal
308,SHP0308,7,308,20260804,20260804,Chennai,Pune,79.0,Completed,Review,Compliant,Valid,Review,Delayed
309,SHP0309,75,309,20260805,20260805,Bangalore,Chennai,188.0,Completed,Review,Warning,Valid,Complete,Normal
310,SHP0310,11,310,20260805,20260805,Mumbai,Bangalore,176.0,Completed,Review,Compliant,Valid,Review,Normal
311,SHP0311,41,311,20260804,20260804,Kochi,Salem,267.0,Completed,Compliant,Compliant,Valid,Complete,Normal
312,SHP0312,28,312,20260807,20260807,Salem,Madurai,120.0,Completed,Review,Compliant,Valid,Review,Normal
313,SHP0313,56,313,20260804,20260804,Mumbai,Chennai,92.0,Completed,Compliant,Compliant,Valid,Complete,Delayed
314,SHP0314,82,314,20260804,20260804,Bengaluru,Chennai,97.0,Completed,Review,Compliant,Valid,Review,Normal
315,SHP0315,56,315,20260802,20260802,Madurai,Mumbai,214.0,Completed,Non-Compliant,Compliant,Review,Review,Normal
316,SHP0316,54,316,20260802,20260802,Bengaluru,Bangalore,284.0,Completed,Compliant,Compliant,Valid,Complete,Normal
317,SHP0317,50,317,20260801,20260801,Salem,Chennai,333.0,Completed,Review,Compliant,Valid,Review,Delayed
318,SHP0318,1,318,20260801,20260801,Hyderabad,Coimbatore,339.0,Completed,Review,Compliant,Valid,Review,Delayed
319,SHP0319,92,319,20260806,20260806,Kochi,Coimbatore,251.0,Completed,Review,Compliant,Valid,Review,Deviation
320,SHP0320,16,320,20260806,20260806,Chennai,Mumbai,123.0,Completed,Review,Compliant,Valid,Complete,Deviation
321,SHP0321,85,321,20260803,20260803,Chennai,Bengaluru,335.0,Completed,Compliant,Compliant,Valid,Complete,Normal
322,SHP0322,47,322,20260803,20260803,Mumbai,Bangalore,236.0,Completed,Review,Compliant,Review,Complete,Normal
323,SHP0323,19,323,20260806,20260806,Hyderabad,Salem,322.0,Completed,Non-Compliant,Critical,Review,Complete,Normal
324,SHP0324,10,324,20260801,20260801,Coimbatore,Hyderabad,189.0,Completed,Compliant,Compliant,Valid,Complete,Normal
325,SHP0325,28,325,20260805,20260805,Hyderabad,Bangalore,350.0,Completed,Review,Warning,Valid,Complete,Normal
326,SHP0326,99,326,20260806,20260806,Chennai,Mumbai,341.0,Completed,Non-Compliant,Critical,Valid,Complete,Normal
327,SHP0327,22,327,20260807,20260807,Bangalore,Kochi,188.0,Completed,Review,Compliant,Review,Complete,Delayed
328,SHP0328,33,328,20260802,20260802,Bangalore,Hyderabad,309.0,Completed,Non-Compliant,Critical,Valid,Complete,Normal
329,SHP0329,71,329,20260801,20260801,Madurai,Coimbatore,180.0,Completed,Non-Compliant,Compliant,Review,Review,Deviation
330,SHP0330,97,330,20260806,20260806,Bangalore,Kochi,159.0,Completed,Compliant,Compliant,Valid,Complete,Normal
331,SHP0331,10,331,20260805,20260805,Madurai,Pune,216.0,Completed,Review,Compliant,Valid,Review,Delayed
332,SHP0332,80,332,20260806,20260806,Bengaluru,Coimbatore,246.0,Completed,Review,Compliant,Valid,Review,Normal
333,SHP0333,30,333,20260804,20260804,Madurai,Salem,220.0,Completed,Compliant,Compliant,Valid,Complete,Delayed
334,SHP0334,46,334,20260806,20260806,Hyderabad,Salem,244.0,Completed,Review,Compliant,Valid,Complete,Deviation
335,SHP0335,34,335,20260801,20260801,Coimbatore,Madurai,288.0,Completed,Compliant,Compliant,Valid,Complete,Delayed
336,SHP0336,50,336,20260804,20260804,Madurai,Kochi,115.0,Completed,Non-Compliant,Critical,Valid,Complete,Deviation
337,SHP0337,64,337,20260803,20260803,Coimbatore,Bengaluru,203.0,Completed,Review,Compliant,Review,Complete,Normal
338,SHP0338,36,338,20260804,20260804,Coimbatore,Mumbai,99.0,Completed,Compliant,Compliant,Valid,Complete,Normal
339,SHP0339,61,339,20260804,20260804,Bangalore,Chennai,75.0,Completed,Non-Compliant,Compliant,Review,Review,Deviation
340,SHP0340,93,340,20260803,20260803,Bengaluru,Salem,78.0,Completed,Review,Compliant,Valid,Complete,Deviation
341,SHP0341,18,341,20260804,20260804,Mumbai,Kochi,336.0,Completed,Non-Compliant,Critical,Valid,Complete,Delayed
342,SHP0342,85,342,20260807,20260807,Pune,Coimbatore,174.0,Completed,Compliant,Compliant,Valid,Complete,Normal
343,SHP0343,51,343,20260806,20260806,Bengaluru,Kochi,316.0,Completed,Compliant,Compliant,Valid,Complete,Normal
344,SHP0344,75,344,20260807,20260807,Mumbai,Bangalore,317.0,Completed,Non-Compliant,Critical,Valid,Review,Delayed
345,SHP0345,70,345,20260807,20260807,Chennai,Hyderabad,144.0,Completed,Compliant,Compliant,Valid,Complete,Normal
346,SHP0346,23,346,20260803,20260803,Mumbai,Coimbatore,151.0,Completed,Review,Compliant,Review,Complete,Delayed
347,SHP0347,97,347,20260803,20260803,Bengaluru,Coimbatore,307.0,Completed,Compliant,Compliant,Valid,Complete,Delayed
348,SHP0348,35,348,20260807,20260807,Madurai,Chennai,309.0,Completed,Compliant,Compliant,Valid,Complete,Normal
349,SHP0349,82,349,20260805,20260805,Hyderabad,Bangalore,179.0,Completed,Review,Compliant,Valid,Complete,Deviation
350,SHP0350,93,350,20260802,20260802,Chennai,Hyderabad,244.0,Completed,Compliant,Compliant,Valid,Complete,Normal
351,SHP0351,99,351,20260802,20260802,Salem,Pune,83.0,Completed,Review,Compliant,Valid,Review,Normal
352,SHP0352,86,352,20260806,20260806,Chennai,Madurai,326.0,Completed,Review,Compliant,Valid,Review,Normal
353,SHP0353,12,353,20260806,20260806,Kochi,Bengaluru,149.0,Completed,Compliant,Compliant,Valid,Complete,Normal
354,SHP0354,42,354,20260806,20260806,Salem,Madurai,99.0,Completed,Compliant,Compliant,Valid,Complete,Normal
355,SHP0355,86,355,20260804,20260804,Mumbai,Kochi,174.0,Completed,Review,Compliant,Valid,Review,Normal
356,SHP0356,100,356,20260805,20260805,Mumbai,Salem,236.0,Completed,Compliant,Compliant,Valid,Complete,Delayed
357,SHP0357,39,357,20260803,20260803,Pune,Bengaluru,131.0,Completed,Compliant,Compliant,Valid,Complete,Normal
358,SHP0358,72,358,20260801,20260801,Pune,Coimbatore,323.0,Completed,Review,Compliant,Valid,Review,Delayed
359,SHP0359,81,359,20260807,20260807,Kochi,Hyderabad,140.0,Completed,Compliant,Compliant,Valid,Complete,Normal
360,SHP0360,8,360,20260806,20260806,Madurai,Bengaluru,120.0,Completed,Review,Compliant,Review,Complete,Normal
361,SHP0361,98,361,20260803,20260803,Hyderabad,Salem,118.0,Completed,Review,Compliant,Review,Complete,Normal
362,SHP0362,36,362,20260802,20260802,Pune,Hyderabad,270.0,Completed,Compliant,Compliant,Valid,Complete,Normal
363,SHP0363,60,363,20260805,20260805,Chennai,Hyderabad,353.0,Completed,Compliant,Compliant,Valid,Complete,Normal
364,SHP0364,20,364,20260804,20260804,Bengaluru,Coimbatore,322.0,Completed,Review,Compliant,Review,Complete,Normal
365,SHP0365,8,365,20260807,20260807,Chennai,Bengaluru,145.0,Completed,Compliant,Compliant,Valid,Complete,Normal
366,SHP0366,93,366,20260804,20260804,Kochi,Coimbatore,348.0,Completed,Compliant,Compliant,Valid,Complete,Normal
367,SHP0367,61,367,20260805,20260805,Chennai,Kochi,289.0,Completed,Non-Compliant,Compliant,Review,Review,Normal
368,SHP0368,80,368,20260802,20260802,Bengaluru,Pune,172.0,Completed,Review,Compliant,Review,Complete,Normal
369,SHP0369,39,369,20260807,20260807,Salem,Bengaluru,358.0,Completed,Compliant,Compliant,Valid,Complete,Delayed
370,SHP0370,11,370,20260804,20260804,Coimbatore,Bengaluru,195.0,Completed,Compliant,Compliant,Valid,Complete,Delayed
371,SHP0371,75,371,20260806,20260806,Coimbatore,Madurai,95.0,Completed,Compliant,Compliant,Valid,Complete,Normal
372,SHP0372,26,372,20260804,20260804,Hyderabad,Salem,115.0,Completed,Compliant,Compliant,Valid,Complete,Normal
373,SHP0373,60,373,20260801,20260801,Chennai,Hyderabad,318.0,Completed,Review,Compliant,Valid,Complete,Deviation
374,SHP0374,95,374,20260803,20260803,Salem,Coimbatore,150.0,Completed,Review,Compliant,Valid,Review,Normal
375,SHP0375,5,375,20260803,20260803,Pune,Bengaluru,332.0,Completed,Compliant,Compliant,Valid,Complete,Normal
376,SHP0376,18,376,20260807,20260807,Mumbai,Bangalore,126.0,Completed,Review,Compliant,Valid,Review,Normal
377,SHP0377,50,377,20260807,20260807,Bengaluru,Mumbai,280.0,Completed,Compliant,Compliant,Valid,Complete,Normal
378,SHP0378,98,378,20260806,20260806,Mumbai,Salem,82.0,Completed,Compliant,Compliant,Valid,Complete,Normal
379,SHP0379,6,379,20260806,20260806,Mumbai,Salem,306.0,Completed,Compliant,Compliant,Valid,Complete,Delayed
380,SHP0380,58,380,20260804,20260804,Salem,Madurai,354.0,Completed,Compliant,Compliant,Valid,Complete,Normal
381,SHP0381,45,381,20260804,20260804,Bangalore,Salem,304.0,Completed,Non-Compliant,Critical,Review,Review,Normal
382,SHP0382,92,382,20260807,20260807,Hyderabad,Bangalore,338.0,Completed,Compliant,Compliant,Valid,Complete,Normal
383,SHP0383,96,383,20260806,20260806,Salem,Kochi,63.0,Completed,Compliant,Compliant,Valid,Complete,Delayed
384,SHP0384,98,384,20260805,20260805,Bengaluru,Mumbai,63.0,Completed,Non-Compliant,Compliant,Review,Review,Delayed
385,SHP0385,57,385,20260806,20260806,Salem,Hyderabad,221.0,Completed,Non-Compliant,Critical,Valid,Complete,Delayed
386,SHP0386,96,386,20260803,20260803,Salem,Madurai,278.0,Completed,Compliant,Compliant,Valid,Complete,Normal
387,SHP0387,33,387,20260803,20260803,Bengaluru,Kochi,334.0,Completed,Compliant,Compliant,Valid,Complete,Normal
388,SHP0388,87,388,20260802,20260802,Salem,Bengaluru,201.0,Completed,Review,Compliant,Valid,Complete,Deviation
389,SHP0389,20,389,20260803,20260803,Salem,Hyderabad,345.0,Completed,Non-Compliant,Critical,Review,Complete,Delayed
390,SHP0390,85,390,20260804,20260804,Pune,Coimbatore,344.0,Completed,Compliant,Compliant,Valid,Complete,Normal
391,SHP0391,79,391,20260802,20260802,Pune,Kochi,236.0,Completed,Review,Compliant,Review,Complete,Deviation
392,SHP0392,33,392,20260805,20260805,Salem,Coimbatore,177.0,Completed,Compliant,Compliant,Valid,Complete,Normal
393,SHP0393,8,393,20260805,20260805,Pune,Coimbatore,320.0,Completed,Compliant,Compliant,Valid,Complete,Normal
394,SHP0394,65,394,20260803,20260803,Salem,Madurai,86.0,Completed,Review,Compliant,Valid,Review,Delayed
395,SHP0395,53,395,20260806,20260806,Coimbatore,Salem,106.0,Completed,Compliant,Compliant,Valid,Complete,Normal
396,SHP0396,46,396,20260807,20260807,Coimbatore,Pune,105.0,Completed,Review,Compliant,Valid,Review,Delayed
397,SHP0397,82,397,20260806,20260806,Bangalore,Kochi,100.0,Completed,Compliant,Compliant,Valid,Complete,Delayed
398,SHP0398,92,398,20260805,20260805,Bengaluru,Chennai,265.0,Completed,Non-Compliant,Critical,Review,Complete,Normal
399,SHP0399,96,399,20260807,20260807,Bengaluru,Mumbai,89.0,Completed,Review,Compliant,Review,Complete,Normal
400,SHP0400,31,400,20260803,20260803,Coimbatore,Pune,163.0,Completed,Review,Compliant,Valid,Review,Deviation
401,SHP0401,63,401,20260803,20260803,Mumbai,Kochi,321.0,Completed,Compliant,Compliant,Valid,Complete,Delayed
402,SHP0402,80,402,20260803,20260803,Mumbai,Hyderabad,78.0,Completed,Review,Compliant,Review,Complete,Delayed
403,SHP0403,54,403,20260806,20260806,Madurai,Hyderabad,140.0,Completed,Compliant,Compliant,Valid,Complete,Normal
404,SHP0404,24,404,20260805,20260805,Bangalore,Kochi,262.0,Completed,Compliant,Compliant,Valid,Complete,Delayed
405,SHP0405,34,405,20260803,20260803,Salem,Bengaluru,67.0,Completed,Compliant,Compliant,Valid,Complete,Normal
406,SHP0406,50,406,20260803,20260803,Bangalore,Mumbai,346.0,Completed,Compliant,Compliant,Valid,Complete,Normal
407,SHP0407,62,407,20260801,20260801,Bengaluru,Madurai,201.0,Completed,Review,Compliant,Valid,Review,Normal
408,SHP0408,62,408,20260803,20260803,Hyderabad,Bengaluru,266.0,Completed,Non-Compliant,Critical,Valid,Complete,Normal
409,SHP0409,41,409,20260801,20260801,Bengaluru,Chennai,268.0,Completed,Compliant,Compliant,Valid,Complete,Normal
410,SHP0410,45,410,20260807,20260807,Mumbai,Bangalore,317.0,Completed,Non-Compliant,Compliant,Review,Review,Normal
411,SHP0411,59,411,20260804,20260804,Kochi,Madurai,322.0,Completed,Non-Compliant,Compliant,Review,Review,Delayed
412,SHP0412,16,412,20260807,20260807,Kochi,Mumbai,286.0,Completed,Compliant,Compliant,Valid,Complete,Normal
413,SHP0413,96,413,20260805,20260805,Salem,Bengaluru,184.0,Completed,Review,Compliant,Review,Complete,Normal
414,SHP0414,7,414,20260805,20260805,Madurai,Pune,360.0,Completed,Compliant,Compliant,Valid,Complete,Delayed
415,SHP0415,21,415,20260804,20260804,Chennai,Pune,94.0,Completed,Review,Compliant,Review,Complete,Normal
416,SHP0416,80,416,20260805,20260805,Salem,Hyderabad,177.0,Completed,Compliant,Compliant,Valid,Complete,Normal
417,SHP0417,16,417,20260805,20260805,Madurai,Salem,334.0,Completed,Review,Compliant,Valid,Review,Normal
418,SHP0418,40,418,20260807,20260807,Chennai,Kochi,107.0,Completed,Review,Compliant,Valid,Review,Delayed
419,SHP0419,47,419,20260802,20260802,Salem,Madurai,151.0,Completed,Review,Warning,Review,Complete,Normal
420,SHP0420,34,420,20260807,20260807,Pune,Madurai,353.0,Completed,Compliant,Compliant,Valid,Complete,Normal
421,SHP0421,46,421,20260801,20260801,Kochi,Coimbatore,157.0,Completed,Non-Compliant,Critical,Valid,Complete,Deviation
422,SHP0422,17,422,20260806,20260806,Pune,Hyderabad,183.0,Completed,Compliant,Compliant,Valid,Complete,Normal
423,SHP0423,31,423,20260804,20260804,Kochi,Hyderabad,187.0,Completed,Compliant,Compliant,Valid,Complete,Normal
424,SHP0424,12,424,20260803,20260803,Bengaluru,Madurai,114.0,Completed,Non-Compliant,Critical,Valid,Complete,Normal
425,SHP0425,19,425,20260803,20260803,Bangalore,Pune,337.0,Completed,Review,Compliant,Review,Complete,Normal
426,SHP0426,16,426,20260802,20260802,Chennai,Pune,221.0,Completed,Non-Compliant,Critical,Valid,Complete,Normal
427,SHP0427,18,427,20260803,20260803,Pune,Bengaluru,153.0,Completed,Non-Compliant,Critical,Valid,Complete,Normal
428,SHP0428,28,428,20260802,20260802,Mumbai,Kochi,355.0,Completed,Compliant,Compliant,Valid,Complete,Normal
429,SHP0429,43,429,20260801,20260801,Coimbatore,Chennai,276.0,Completed,Non-Compliant,Critical,Valid,Complete,Deviation
430,SHP0430,51,430,20260801,20260801,Pune,Mumbai,237.0,Completed,Compliant,Compliant,Valid,Complete,Normal
431,SHP0431,32,431,20260804,20260804,Salem,Coimbatore,325.0,Completed,Review,Warning,Valid,Complete,Normal
432,SHP0432,93,432,20260806,20260806,Pune,Madurai,66.0,Completed,Compliant,Compliant,Valid,Complete,Normal
433,SHP0433,22,433,20260803,20260803,Hyderabad,Salem,226.0,Completed,Review,Compliant,Review,Complete,Normal
434,SHP0434,95,434,20260807,20260807,Madurai,Bengaluru,340.0,Completed,Review,Compliant,Valid,Review,Delayed
435,SHP0435,91,435,20260801,20260801,Kochi,Hyderabad,235.0,Completed,Review,Compliant,Valid,Review,Deviation
436,SHP0436,60,436,20260806,20260806,Madurai,Coimbatore,167.0,Completed,Compliant,Compliant,Valid,Complete,Normal
437,SHP0437,43,437,20260807,20260807,Salem,Madurai,265.0,Completed,Compliant,Compliant,Valid,Complete,Delayed
438,SHP0438,30,438,20260805,20260805,Kochi,Pune,127.0,Completed,Compliant,Compliant,Valid,Complete,Normal
439,SHP0439,75,439,20260802,20260802,Bengaluru,Hyderabad,198.0,Completed,Review,Warning,Valid,Complete,Delayed
440,SHP0440,40,440,20260804,20260804,Hyderabad,Mumbai,255.0,Completed,Compliant,Compliant,Valid,Complete,Delayed
441,SHP0441,97,441,20260804,20260804,Hyderabad,Coimbatore,302.0,Completed,Compliant,Compliant,Valid,Complete,Normal
442,SHP0442,83,442,20260802,20260802,Chennai,Coimbatore,128.0,Completed,Compliant,Compliant,Valid,Complete,Delayed
443,SHP0443,60,443,20260804,20260804,Mumbai,Madurai,188.0,Completed,Compliant,Compliant,Valid,Complete,Normal
444,SHP0444,81,444,20260805,20260805,Mumbai,Bengaluru,110.0,Completed,Compliant,Compliant,Valid,Complete,Normal
445,SHP0445,53,445,20260807,20260807,Coimbatore,Chennai,190.0,Completed,Compliant,Compliant,Valid,Complete,Normal
446,SHP0446,63,446,20260807,20260807,Pune,Bangalore,231.0,Completed,Review,Compliant,Valid,Complete,Deviation
447,SHP0447,30,447,20260803,20260803,Kochi,Madurai,345.0,Completed,Review,Compliant,Valid,Review,Normal
448,SHP0448,37,448,20260803,20260803,Kochi,Madurai,122.0,Completed,Review,Compliant,Valid,Review,Normal
449,SHP0449,63,449,20260802,20260802,Madurai,Bengaluru,354.0,Completed,Compliant,Compliant,Valid,Complete,Normal
450,SHP0450,59,450,20260801,20260801,Mumbai,Coimbatore,226.0,Completed,Review,Compliant,Valid,Review,Delayed
451,SHP0451,61,451,20260803,20260803,Mumbai,Pune,100.0,Completed,Non-Compliant,Compliant,Review,Review,Normal
452,SHP0452,64,452,20260806,20260806,Salem,Bengaluru,134.0,Completed,Review,Compliant,Review,Complete,Normal
453,SHP0453,11,453,20260807,20260807,Coimbatore,Madurai,352.0,Completed,Non-Compliant,Critical,Valid,Complete,Normal
454,SHP0454,88,454,20260807,20260807,Salem,Bangalore,235.0,Completed,Compliant,Compliant,Valid,Complete,Delayed
455,SHP0455,22,455,20260805,20260805,Hyderabad,Madurai,209.0,Completed,Review,Compliant,Review,Complete,Delayed
456,SHP0456,12,456,20260805,20260805,Kochi,Bengaluru,198.0,Completed,Review,Compliant,Review,Complete,Normal
457,SHP0457,99,457,20260801,20260801,Pune,Madurai,326.0,Completed,Compliant,Compliant,Valid,Complete,Normal
458,SHP0458,47,458,20260807,20260807,Pune,Salem,71.0,Completed,Review,Compliant,Review,Complete,Normal
459,SHP0459,92,459,20260803,20260803,Coimbatore,Hyderabad,100.0,Completed,Review,Compliant,Valid,Review,Delayed
460,SHP0460,61,460,20260801,20260801,Hyderabad,Coimbatore,108.0,Completed,Review,Compliant,Review,Complete,Normal
461,SHP0461,24,461,20260801,20260801,Bangalore,Pune,73.0,Completed,Review,Compliant,Valid,Review,Normal
462,SHP0462,52,462,20260807,20260807,Salem,Mumbai,194.0,Completed,Review,Compliant,Valid,Review,Normal
463,SHP0463,54,463,20260803,20260803,Bengaluru,Coimbatore,259.0,Completed,Non-Compliant,Critical,Valid,Complete,Deviation
464,SHP0464,95,464,20260804,20260804,Kochi,Hyderabad,205.0,Completed,Compliant,Compliant,Valid,Complete,Delayed
465,SHP0465,54,465,20260804,20260804,Pune,Coimbatore,147.0,Completed,Compliant,Compliant,Valid,Complete,Normal
466,SHP0466,39,466,20260804,20260804,Chennai,Madurai,303.0,Completed,Review,Compliant,Valid,Complete,Deviation
467,SHP0467,12,467,20260804,20260804,Pune,Mumbai,287.0,Completed,Non-Compliant,Compliant,Review,Review,Normal
468,SHP0468,57,468,20260803,20260803,Coimbatore,Mumbai,293.0,Completed,Compliant,Compliant,Valid,Complete,Normal
469,SHP0469,83,469,20260807,20260807,Bengaluru,Salem,333.0,Completed,Review,Compliant,Valid,Complete,Deviation
470,SHP0470,49,470,20260801,20260801,Kochi,Madurai,176.0,Completed,Review,Compliant,Valid,Review,Normal
471,SHP0471,81,471,20260801,20260801,Bangalore,Pune,271.0,Completed,Compliant,Compliant,Valid,Complete,Normal
472,SHP0472,47,472,20260801,20260801,Kochi,Coimbatore,60.0,Completed,Review,Compliant,Review,Complete,Normal
473,SHP0473,64,473,20260802,20260802,Mumbai,Coimbatore,300.0,Completed,Review,Compliant,Review,Complete,Normal
474,SHP0474,28,474,20260806,20260806,Mumbai,Chennai,311.0,Completed,Compliant,Compliant,Valid,Complete,Delayed
475,SHP0475,32,475,20260807,20260807,Pune,Kochi,280.0,Completed,Review,Compliant,Valid,Review,Delayed
476,SHP0476,11,476,20260803,20260803,Kochi,Bengaluru,63.0,Completed,Review,Warning,Valid,Complete,Deviation
477,SHP0477,1,477,20260803,20260803,Mumbai,Madurai,347.0,Completed,Compliant,Compliant,Valid,Complete,Normal
478,SHP0478,22,478,20260801,20260801,Salem,Hyderabad,259.0,Completed,Review,Compliant,Review,Complete,Normal
479,SHP0479,30,479,20260801,20260801,Salem,Hyderabad,276.0,Completed,Review,Compliant,Valid,Review,Delayed
480,SHP0480,58,480,20260807,20260807,Hyderabad,Mumbai,199.0,Completed,Review,Warning,Valid,Complete,Normal
481,SHP0481,43,481,20260803,20260803,Kochi,Mumbai,156.0,Completed,Compliant,Compliant,Valid,Complete,Normal
482,SHP0482,75,482,20260803,20260803,Bangalore,Coimbatore,116.0,Completed,Non-Compliant,Critical,Valid,Complete,Normal
483,SHP0483,99,483,20260803,20260803,Pune,Bengaluru,311.0,Completed,Compliant,Compliant,Valid,Complete,Delayed
484,SHP0484,51,484,20260805,20260805,Hyderabad,Madurai,85.0,Completed,Review,Compliant,Valid,Complete,Deviation
485,SHP0485,82,485,20260807,20260807,Mumbai,Chennai,204.0,Completed,Compliant,Compliant,Valid,Complete,Normal
486,SHP0486,17,486,20260805,20260805,Kochi,Coimbatore,64.0,Completed,Compliant,Compliant,Valid,Complete,Delayed
487,SHP0487,2,487,20260806,20260806,Hyderabad,Bangalore,312.0,Completed,Compliant,Compliant,Valid,Complete,Delayed
488,SHP0488,26,488,20260805,20260805,Hyderabad,Madurai,315.0,Completed,Compliant,Compliant,Valid,Complete,Delayed
489,SHP0489,49,489,20260807,20260807,Madurai,Pune,76.0,Completed,Review,Compliant,Valid,Review,Delayed
490,SHP0490,22,490,20260802,20260802,Madurai,Bangalore,196.0,Completed,Review,Compliant,Review,Complete,Normal
491,SHP0491,6,491,20260802,20260802,Salem,Bangalore,152.0,Completed,Compliant,Compliant,Valid,Complete,Delayed
492,SHP0492,4,492,20260801,20260801,Hyderabad,Kochi,66.0,Completed,Review,Compliant,Review,Complete,Normal
493,SHP0493,56,493,20260801,20260801,Bangalore,Hyderabad,286.0,Completed,Review,Compliant,Review,Complete,Normal
494,SHP0494,6,494,20260805,20260805,Hyderabad,Chennai,108.0,Completed,Compliant,Compliant,Valid,Complete,Normal
495,SHP0495,50,495,20260802,20260802,Mumbai,Hyderabad,219.0,Completed,Review,Warning,Valid,Complete,Normal
496,SHP0496,35,496,20260806,20260806,Madurai,Coimbatore,81.0,Completed,Compliant,Compliant,Valid,Complete,Normal
497,SHP0497,11,497,20260802,20260802,Mumbai,Bangalore,212.0,Completed,Compliant,Compliant,Valid,Complete,Normal
498,SHP0498,65,498,20260805,20260805,Hyderabad,Madurai,171.0,Completed,Compliant,Compliant,Valid,Complete,Normal
499,SHP0499,52,499,20260806,20260806,Bangalore,Hyderabad,226.0,Completed,Review,Compliant,Review,Complete,Deviation
500,SHP0500,53,500,20260801,20260801,Chennai,Coimbatore,121.0,Completed,Review,Compliant,Valid,Review,Normal
