cohort_month,cohort_size,valid_at_M01,valid_at_M03,valid_at_M06,valid_at_M12
2025-01,8,1.0,1.0,1.0,1.0
2025-02,7,1.0,1.0,1.0,1.0
2025-03,12,1.0,1.0,1.0,1.0
2025-04,13,1.0,1.0,1.0,1.0
2025-05,13,1.0,1.0,1.0,1.0
2025-06,10,1.0,1.0,1.0,1.0
2025-07,7,1.0,1.0,1.0,1.0
2025-08,10,1.0,1.0,1.0,0.9
2025-09,5,1.0,1.0,1.0,1.0
2025-10,13,1.0,1.0,1.0,0.923
2025-11,6,1.0,1.0,1.0,1.0
2025-12,6,1.0,1.0,1.0,0.833
2026-01,7,1.0,1.0,1.0,0.857
2026-02,7,1.0,1.0,0.857,0.429
2026-03,13,1.0,1.0,0.769,0.0
2026-04,9,1.0,1.0,1.0,0.0
2026-05,4,1.0,0.75,0.75,0.0
