feature,importance
route_deviation_events,1.8190140109839807
temp_range,1.6301984857120149
missing_signatures,1.5350684251479805
signature_rate_pct,1.2633340265314064
stddev_temperature_c,1.2268608160761252
total_delay_minutes,0.43965333208198365
journey_duration_min,0.38187932992783946
total_events,0.3602006736253313
traffic_delay_events,0.35075776124187596
avg_signal_strength,0.3374037041643218
missing_readings,0.26932076594102944
obs_min_temp,0.23281425009528545
obs_max_temp,0.2197892457339217
missing_rate,0.18508785646185177
avg_battery_level,0.14616026072354601
is_frozen,0.14291386311156062
batch_quantity,0.14279300940144798
offline_readings,0.12273887319652409
avg_temperature_c,0.11104504718835416
total_handovers,0.06731610544085326
