shipment_id,vehicle_id,product_type,overall_compliance,predicted_compliant,compliance_probability,excursion_risk_score,risk_tier
SHP0001,V058,Frozen,Review,0,0.0,1.0,Critical
SHP0002,V004,Frozen,Non-Compliant,0,0.0001,0.9999,Critical
SHP0003,V046,Chilled,Review,0,0.017,0.983,Critical
SHP0004,V099,Frozen,Compliant,1,0.886,0.114,Low
SHP0005,V072,Frozen,Review,0,0.0001,0.9999,Critical
SHP0006,V043,Frozen,Non-Compliant,0,0.0156,0.9844,Critical
SHP0007,V053,Chilled,Non-Compliant,0,0.0,1.0,Critical
SHP0008,V046,Frozen,Non-Compliant,0,0.0394,0.9606,Critical
SHP0009,V020,Chilled,Review,1,0.8722,0.1278,Low
SHP0010,V028,Chilled,Non-Compliant,0,0.0225,0.9775,Critical
SHP0011,V099,Chilled,Compliant,1,0.8807,0.1193,Low
SHP0012,V096,Chilled,Review,1,0.64,0.36,Medium
SHP0013,V060,Chilled,Non-Compliant,0,0.0,1.0,Critical
SHP0014,V052,Chilled,Compliant,1,0.788,0.212,Low
SHP0015,V002,Chilled,Non-Compliant,0,0.0004,0.9996,Critical
SHP0016,V041,Frozen,Compliant,1,0.7165,0.2835,Medium
SHP0017,V100,Chilled,Compliant,1,0.7558,0.2442,Low
SHP0018,V062,Frozen,Compliant,1,0.5722,0.4278,Medium
SHP0019,V031,Chilled,Non-Compliant,0,0.0957,0.9043,Critical
SHP0020,V011,Chilled,Compliant,1,0.6017,0.3983,Medium
SHP0021,V097,Chilled,Compliant,1,0.8557,0.1443,Low
SHP0022,V002,Frozen,Non-Compliant,0,0.0088,0.9912,Critical
SHP0023,V037,Chilled,Compliant,1,0.8625,0.1375,Low
SHP0024,V092,Chilled,Compliant,1,0.8917,0.1083,Low
SHP0025,V010,Frozen,Review,0,0.0,1.0,Critical
SHP0026,V026,Chilled,Compliant,1,0.929,0.071,Low
SHP0027,V019,Chilled,Review,1,0.6727,0.3273,Medium
SHP0028,V007,Chilled,Compliant,1,0.8564,0.1436,Low
SHP0029,V032,Chilled,Compliant,1,0.7767,0.2233,Low
SHP0030,V083,Frozen,Review,0,0.0135,0.9865,Critical
SHP0031,V080,Frozen,Compliant,1,0.7239,0.2761,Medium
SHP0032,V036,Frozen,Compliant,1,0.847,0.153,Low
SHP0033,V040,Chilled,Review,0,0.0183,0.9817,Critical
SHP0034,V045,Frozen,Non-Compliant,0,0.0,1.0,Critical
SHP0035,V063,Frozen,Review,0,0.0001,0.9999,Critical
SHP0036,V090,Frozen,Review,1,0.8259,0.1741,Low
SHP0037,V026,Frozen,Compliant,1,0.8619,0.1381,Low
SHP0038,V088,Frozen,Review,0,0.0,1.0,Critical
SHP0039,V042,Chilled,Compliant,1,0.8878,0.1122,Low
SHP0040,V072,Frozen,Non-Compliant,0,0.045,0.955,Critical
SHP0041,V086,Frozen,Review,0,0.0067,0.9933,Critical
SHP0042,V091,Frozen,Review,0,0.0123,0.9877,Critical
SHP0043,V021,Chilled,Review,1,0.7857,0.2143,Low
SHP0044,V070,Chilled,Compliant,1,0.9271,0.0729,Low
SHP0045,V008,Chilled,Review,1,0.8037,0.1963,Low
SHP0046,V083,Chilled,Review,0,0.0001,0.9999,Critical
SHP0047,V002,Frozen,Review,0,0.0,1.0,Critical
SHP0048,V047,Frozen,Review,1,0.8826,0.1174,Low
SHP0049,V100,Frozen,Review,0,0.0021,0.9979,Critical
SHP0050,V099,Chilled,Compliant,0,0.4342,0.5658,High
SHP0051,V059,Frozen,Review,0,0.0,1.0,Critical
SHP0052,V045,Chilled,Non-Compliant,0,0.0,1.0,Critical
SHP0053,V018,Frozen,Compliant,1,0.78,0.22,Low
SHP0054,V091,Frozen,Compliant,1,0.7138,0.2862,Medium
SHP0055,V007,Frozen,Non-Compliant,0,0.0576,0.9424,Critical
SHP0056,V053,Frozen,Compliant,1,0.6543,0.3457,Medium
SHP0057,V017,Chilled,Non-Compliant,0,0.0834,0.9166,Critical
SHP0058,V071,Chilled,Review,0,0.0745,0.9255,Critical
SHP0059,V041,Chilled,Compliant,1,0.9385,0.0615,Low
SHP0060,V045,Frozen,Review,0,0.0075,0.9925,Critical
SHP0061,V049,Chilled,Review,0,0.0113,0.9887,Critical
SHP0062,V016,Frozen,Non-Compliant,0,0.076,0.924,Critical
SHP0063,V017,Frozen,Compliant,1,0.8346,0.1654,Low
SHP0064,V080,Chilled,Non-Compliant,0,0.0975,0.9025,Critical
SHP0065,V033,Chilled,Non-Compliant,0,0.0432,0.9568,Critical
SHP0066,V061,Chilled,Non-Compliant,0,0.0239,0.9761,Critical
SHP0067,V028,Frozen,Non-Compliant,0,0.066,0.934,Critical
SHP0068,V061,Chilled,Non-Compliant,0,0.0333,0.9667,Critical
SHP0069,V083,Frozen,Review,0,0.0,1.0,Critical
SHP0070,V059,Chilled,Non-Compliant,0,0.0065,0.9935,Critical
SHP0071,V071,Chilled,Non-Compliant,0,0.0041,0.9959,Critical
SHP0072,V051,Chilled,Compliant,1,0.8655,0.1345,Low
SHP0073,V064,Chilled,Review,1,0.7343,0.2657,Medium
SHP0074,V034,Chilled,Compliant,1,0.8838,0.1162,Low
SHP0075,V070,Frozen,Review,0,0.0087,0.9913,Critical
SHP0076,V071,Chilled,Non-Compliant,0,0.0323,0.9677,Critical
SHP0077,V037,Frozen,Review,0,0.0,1.0,Critical
SHP0078,V036,Frozen,Compliant,1,0.5886,0.4114,Medium
SHP0079,V062,Frozen,Non-Compliant,0,0.0473,0.9527,Critical
SHP0080,V087,Frozen,Compliant,1,0.8963,0.1037,Low
SHP0081,V039,Chilled,Review,0,0.0,1.0,Critical
SHP0082,V023,Frozen,Non-Compliant,0,0.0045,0.9955,Critical
SHP0083,V017,Frozen,Review,0,0.0242,0.9758,Critical
SHP0084,V058,Frozen,Review,0,0.0109,0.9891,Critical
SHP0085,V071,Chilled,Compliant,1,0.5996,0.4004,Medium
SHP0086,V016,Frozen,Compliant,1,0.577,0.423,Medium
SHP0087,V060,Chilled,Review,0,0.0002,0.9998,Critical
SHP0088,V040,Chilled,Compliant,1,0.8289,0.1711,Low
SHP0089,V016,Chilled,Compliant,1,0.8902,0.1098,Low
SHP0090,V022,Frozen,Review,0,0.4102,0.5898,High
SHP0091,V023,Chilled,Review,1,0.8438,0.1562,Low
SHP0092,V030,Chilled,Compliant,1,0.8415,0.1585,Low
SHP0093,V049,Frozen,Review,0,0.0407,0.9593,Critical
SHP0094,V040,Chilled,Compliant,1,0.5787,0.4213,Medium
SHP0095,V010,Chilled,Compliant,1,0.7997,0.2003,Low
SHP0096,V026,Frozen,Compliant,1,0.7378,0.2622,Medium
SHP0097,V095,Chilled,Review,0,0.0099,0.9901,Critical
SHP0098,V026,Frozen,Review,1,0.6402,0.3598,Medium
SHP0099,V042,Chilled,Compliant,1,0.8483,0.1517,Low
SHP0100,V051,Frozen,Compliant,1,0.6411,0.3589,Medium
SHP0101,V040,Frozen,Review,0,0.0002,0.9998,Critical
SHP0102,V062,Frozen,Compliant,1,0.796,0.204,Low
SHP0103,V085,Chilled,Compliant,1,0.8212,0.1788,Low
SHP0104,V040,Frozen,Non-Compliant,0,0.0342,0.9658,Critical
SHP0105,V005,Chilled,Review,0,0.0019,0.9981,Critical
SHP0106,V002,Chilled,Non-Compliant,0,0.0,1.0,Critical
SHP0107,V047,Frozen,Non-Compliant,0,0.0358,0.9642,Critical
SHP0108,V079,Frozen,Compliant,1,0.615,0.385,Medium
SHP0109,V004,Chilled,Compliant,1,0.7177,0.2823,Medium
SHP0110,V063,Frozen,Compliant,1,0.592,0.408,Medium
SHP0111,V065,Frozen,Compliant,1,0.733,0.267,Medium
SHP0112,V011,Chilled,Compliant,1,0.9122,0.0878,Low
SHP0113,V083,Chilled,Review,0,0.0235,0.9765,Critical
SHP0114,V042,Chilled,Compliant,1,0.9142,0.0858,Low
SHP0115,V019,Chilled,Review,1,0.5686,0.4314,Medium
SHP0116,V018,Chilled,Non-Compliant,0,0.0254,0.9746,Critical
SHP0117,V086,Frozen,Review,0,0.0131,0.9869,Critical
SHP0118,V051,Chilled,Compliant,1,0.8903,0.1097,Low
SHP0119,V052,Chilled,Compliant,1,0.9019,0.0981,Low
SHP0120,V039,Chilled,Compliant,1,0.9075,0.0925,Low
SHP0121,V081,Frozen,Compliant,1,0.7435,0.2565,Medium
SHP0122,V035,Chilled,Review,0,0.0127,0.9873,Critical
SHP0123,V064,Chilled,Non-Compliant,0,0.0003,0.9997,Critical
SHP0124,V095,Frozen,Compliant,1,0.764,0.236,Low
SHP0125,V086,Chilled,Compliant,1,0.7924,0.2076,Low
SHP0126,V082,Chilled,Review,0,0.0254,0.9746,Critical
SHP0127,V018,Frozen,Review,0,0.0099,0.9901,Critical
SHP0128,V098,Frozen,Review,0,0.0294,0.9706,Critical
SHP0129,V081,Chilled,Compliant,1,0.965,0.035,Low
SHP0130,V019,Frozen,Review,1,0.7176,0.2824,Medium
SHP0131,V065,Chilled,Review,0,0.0197,0.9803,Critical
SHP0132,V041,Chilled,Review,0,0.0,1.0,Critical
SHP0133,V049,Frozen,Review,0,0.0148,0.9852,Critical
SHP0134,V070,Frozen,Non-Compliant,0,0.0,1.0,Critical
SHP0135,V075,Chilled,Compliant,1,0.8852,0.1148,Low
SHP0136,V090,Frozen,Review,1,0.8302,0.1698,Low
SHP0137,V057,Frozen,Non-Compliant,0,0.0,1.0,Critical
SHP0138,V058,Frozen,Compliant,1,0.8418,0.1582,Low
SHP0139,V035,Chilled,Compliant,1,0.8753,0.1247,Low
SHP0140,V023,Frozen,Review,0,0.4883,0.5117,High
SHP0141,V097,Frozen,Compliant,1,0.772,0.228,Low
SHP0142,V020,Chilled,Review,1,0.7289,0.2711,Medium
SHP0143,V049,Chilled,Compliant,1,0.9049,0.0951,Low
SHP0144,V001,Chilled,Compliant,1,0.8384,0.1616,Low
SHP0145,V061,Chilled,Review,0,0.4003,0.5997,High
SHP0146,V093,Frozen,Review,0,0.0091,0.9909,Critical
SHP0147,V039,Frozen,Review,0,0.0108,0.9892,Critical
SHP0148,V018,Frozen,Compliant,1,0.7539,0.2461,Low
SHP0149,V020,Frozen,Review,1,0.7377,0.2623,Medium
SHP0150,V005,Frozen,Non-Compliant,0,0.0008,0.9992,Critical
SHP0151,V054,Chilled,Compliant,1,0.9658,0.0342,Low
SHP0152,V090,Frozen,Non-Compliant,0,0.0268,0.9732,Critical
SHP0153,V057,Frozen,Compliant,1,0.5171,0.4829,Medium
SHP0154,V098,Frozen,Review,1,0.6046,0.3954,Medium
SHP0155,V079,Chilled,Review,0,0.0,1.0,Critical
SHP0156,V032,Frozen,Review,0,0.0029,0.9971,Critical
SHP0157,V065,Chilled,Non-Compliant,0,0.0003,0.9997,Critical
SHP0158,V088,Frozen,Compliant,1,0.7155,0.2845,Medium
SHP0159,V098,Chilled,Non-Compliant,0,0.0002,0.9998,Critical
SHP0160,V035,Chilled,Non-Compliant,0,0.0053,0.9947,Critical
SHP0161,V056,Frozen,Review,0,0.0001,0.9999,Critical
SHP0162,V064,Frozen,Review,0,0.0111,0.9889,Critical
SHP0163,V091,Frozen,Review,0,0.0012,0.9988,Critical
SHP0164,V072,Chilled,Compliant,1,0.9397,0.0603,Low
SHP0165,V042,Chilled,Compliant,1,0.8207,0.1793,Low
SHP0166,V012,Frozen,Review,1,0.7913,0.2087,Low
SHP0167,V085,Chilled,Compliant,1,0.8781,0.1219,Low
SHP0168,V002,Chilled,Compliant,1,0.6024,0.3976,Medium
SHP0169,V052,Frozen,Compliant,1,0.7662,0.2338,Low
SHP0170,V036,Chilled,Compliant,1,0.7259,0.2741,Medium
SHP0171,V043,Chilled,Non-Compliant,0,0.0238,0.9762,Critical
SHP0172,V046,Frozen,Compliant,1,0.6153,0.3847,Medium
SHP0173,V088,Chilled,Compliant,1,0.8407,0.1593,Low
SHP0174,V082,Chilled,Compliant,1,0.6008,0.3992,Medium
SHP0175,V056,Chilled,Review,0,0.013,0.987,Critical
SHP0176,V063,Chilled,Compliant,1,0.7663,0.2337,Low
SHP0177,V031,Frozen,Non-Compliant,0,0.0192,0.9808,Critical
SHP0178,V072,Frozen,Compliant,1,0.8004,0.1996,Low
SHP0179,V058,Chilled,Non-Compliant,0,0.02,0.98,Critical
SHP0180,V006,Chilled,Compliant,1,0.7689,0.2311,Low
SHP0181,V024,Chilled,Compliant,1,0.7205,0.2795,Medium
SHP0182,V053,Chilled,Compliant,0,0.368,0.632,High
SHP0183,V086,Frozen,Review,0,0.0,1.0,Critical
SHP0184,V033,Frozen,Compliant,1,0.8443,0.1557,Low
SHP0185,V004,Frozen,Non-Compliant,0,0.004,0.996,Critical
SHP0186,V023,Chilled,Non-Compliant,0,0.0099,0.9901,Critical
SHP0187,V043,Chilled,Compliant,1,0.5802,0.4198,Medium
SHP0188,V010,Frozen,Review,1,0.8777,0.1223,Low
SHP0189,V024,Frozen,Non-Compliant,0,0.0003,0.9997,Critical
SHP0190,V093,Chilled,Review,0,0.0049,0.9951,Critical
SHP0191,V075,Chilled,Compliant,1,0.6057,0.3943,Medium
SHP0192,V039,Chilled,Compliant,1,0.8521,0.1479,Low
SHP0193,V030,Chilled,Non-Compliant,0,0.0164,0.9836,Critical
SHP0194,V042,Frozen,Review,0,0.0269,0.9731,Critical
SHP0195,V070,Frozen,Review,0,0.0001,0.9999,Critical
SHP0196,V021,Frozen,Non-Compliant,0,0.0,1.0,Critical
SHP0197,V043,Frozen,Review,0,0.0,1.0,Critical
SHP0198,V010,Chilled,Compliant,1,0.8174,0.1826,Low
SHP0199,V020,Frozen,Non-Compliant,0,0.0099,0.9901,Critical
SHP0200,V053,Chilled,Compliant,1,0.911,0.089,Low
SHP0201,V006,Chilled,Review,0,0.0116,0.9884,Critical
SHP0202,V060,Chilled,Compliant,1,0.7274,0.2726,Medium
SHP0203,V056,Chilled,Compliant,1,0.7973,0.2027,Low
SHP0204,V036,Frozen,Non-Compliant,0,0.0073,0.9927,Critical
SHP0205,V097,Chilled,Review,0,0.4301,0.5699,High
SHP0206,V002,Frozen,Non-Compliant,0,0.0538,0.9462,Critical
SHP0207,V079,Chilled,Review,0,0.0406,0.9594,Critical
SHP0208,V017,Chilled,Review,0,0.0603,0.9397,Critical
SHP0209,V007,Frozen,Non-Compliant,0,0.0001,0.9999,Critical
SHP0210,V096,Frozen,Compliant,0,0.4872,0.5128,High
SHP0211,V056,Chilled,Compliant,1,0.8786,0.1214,Low
SHP0212,V017,Frozen,Review,0,0.0011,0.9989,Critical
SHP0213,V059,Frozen,Compliant,1,0.8542,0.1458,Low
SHP0214,V024,Frozen,Review,0,0.0,1.0,Critical
SHP0215,V059,Chilled,Non-Compliant,0,0.0009,0.9991,Critical
SHP0216,V008,Chilled,Review,1,0.822,0.178,Low
SHP0217,V090,Chilled,Review,0,0.0289,0.9711,Critical
SHP0218,V100,Chilled,Review,0,0.0,1.0,Critical
SHP0219,V047,Frozen,Non-Compliant,0,0.0056,0.9944,Critical
SHP0220,V051,Frozen,Review,0,0.0088,0.9912,Critical
SHP0221,V036,Chilled,Compliant,1,0.8824,0.1176,Low
SHP0222,V008,Chilled,Non-Compliant,0,0.0088,0.9912,Critical
SHP0223,V050,Frozen,Compliant,1,0.8289,0.1711,Low
SHP0224,V007,Frozen,Compliant,1,0.6498,0.3502,Medium
SHP0225,V041,Chilled,Compliant,1,0.8917,0.1083,Low
SHP0226,V097,Frozen,Compliant,1,0.6228,0.3772,Medium
SHP0227,V037,Chilled,Review,0,0.0013,0.9987,Critical
SHP0228,V005,Frozen,Compliant,1,0.7857,0.2143,Low
SHP0229,V052,Chilled,Review,1,0.8445,0.1555,Low
SHP0230,V031,Frozen,Compliant,1,0.7959,0.2041,Low
SHP0231,V087,Frozen,Compliant,1,0.85,0.15,Low
SHP0232,V092,Chilled,Review,0,0.0001,0.9999,Critical
SHP0233,V023,Frozen,Review,1,0.7517,0.2483,Low
SHP0234,V023,Chilled,Compliant,1,0.9167,0.0833,Low
SHP0235,V090,Frozen,Review,1,0.8444,0.1556,Low
SHP0236,V085,Chilled,Non-Compliant,0,0.0,1.0,Critical
SHP0237,V007,Chilled,Review,0,0.4824,0.5176,High
SHP0238,V033,Chilled,Review,0,0.0002,0.9998,Critical
SHP0239,V091,Chilled,Compliant,1,0.8331,0.1669,Low
SHP0240,V085,Frozen,Non-Compliant,0,0.043,0.957,Critical
SHP0241,V079,Frozen,Review,0,0.0013,0.9987,Critical
SHP0242,V091,Frozen,Compliant,1,0.8177,0.1823,Low
SHP0243,V080,Chilled,Review,0,0.0129,0.9871,Critical
SHP0244,V059,Frozen,Review,1,0.5412,0.4588,Medium
SHP0245,V090,Chilled,Review,1,0.7341,0.2659,Medium
SHP0246,V010,Chilled,Review,1,0.8183,0.1817,Low
SHP0247,V062,Frozen,Compliant,1,0.7463,0.2537,Medium
SHP0248,V005,Frozen,Compliant,1,0.8005,0.1995,Low
SHP0249,V057,Chilled,Review,0,0.0466,0.9534,Critical
SHP0250,V087,Chilled,Compliant,1,0.9107,0.0893,Low
SHP0251,V035,Frozen,Compliant,1,0.7909,0.2091,Low
SHP0252,V012,Chilled,Non-Compliant,0,0.0001,0.9999,Critical
SHP0253,V045,Frozen,Review,1,0.8772,0.1228,Low
SHP0254,V082,Frozen,Compliant,1,0.7527,0.2473,Low
SHP0255,V057,Frozen,Compliant,1,0.7117,0.2883,Medium
SHP0256,V022,Chilled,Non-Compliant,0,0.0,1.0,Critical
SHP0257,V021,Frozen,Review,1,0.787,0.213,Low
SHP0258,V087,Frozen,Compliant,1,0.8645,0.1355,Low
SHP0259,V021,Frozen,Review,1,0.7545,0.2455,Low
SHP0260,V005,Chilled,Compliant,1,0.7504,0.2496,Low
SHP0261,V065,Chilled,Compliant,1,0.7399,0.2601,Medium
SHP0262,V034,Chilled,Compliant,1,0.8986,0.1014,Low
SHP0263,V071,Frozen,Review,0,0.0233,0.9767,Critical
SHP0264,V004,Frozen,Non-Compliant,0,0.0,1.0,Critical
SHP0265,V037,Frozen,Review,0,0.007,0.993,Critical
SHP0266,V058,Frozen,Compliant,1,0.9121,0.0879,Low
SHP0267,V072,Chilled,Compliant,1,0.9113,0.0887,Low
SHP0268,V001,Chilled,Review,0,0.0265,0.9735,Critical
SHP0269,V024,Frozen,Compliant,1,0.7052,0.2948,Medium
SHP0270,V070,Frozen,Compliant,1,0.8997,0.1003,Low
SHP0271,V086,Chilled,Compliant,1,0.9478,0.0522,Low
SHP0272,V020,Chilled,Review,1,0.7377,0.2623,Medium
SHP0273,V032,Frozen,Compliant,1,0.9038,0.0962,Low
SHP0274,V006,Chilled,Compliant,1,0.8803,0.1197,Low
SHP0275,V096,Frozen,Review,0,0.0062,0.9938,Critical
SHP0276,V057,Frozen,Review,0,0.0088,0.9912,Critical
SHP0277,V031,Frozen,Review,0,0.0017,0.9983,Critical
SHP0278,V087,Frozen,Compliant,1,0.5428,0.4572,Medium
SHP0279,V095,Frozen,Non-Compliant,0,0.1562,0.8438,Critical
SHP0280,V001,Chilled,Review,0,0.034,0.966,Critical
SHP0281,V062,Frozen,Review,0,0.0057,0.9943,Critical
SHP0282,V054,Chilled,Compliant,1,0.867,0.133,Low
SHP0283,V005,Chilled,Compliant,1,0.8929,0.1071,Low
SHP0284,V052,Frozen,Compliant,1,0.8002,0.1998,Low
SHP0285,V019,Frozen,Review,1,0.6202,0.3798,Medium
SHP0286,V070,Chilled,Review,0,0.0033,0.9967,Critical
SHP0287,V037,Chilled,Compliant,1,0.7408,0.2592,Medium
SHP0288,V092,Chilled,Non-Compliant,0,0.0,1.0,Critical
SHP0289,V001,Chilled,Review,0,0.0159,0.9841,Critical
SHP0290,V045,Chilled,Review,1,0.783,0.217,Low
SHP0291,V090,Chilled,Review,1,0.9426,0.0574,Low
SHP0292,V079,Chilled,Review,0,0.0055,0.9945,Critical
SHP0293,V098,Chilled,Review,1,0.9431,0.0569,Low
SHP0294,V037,Chilled,Compliant,1,0.9433,0.0567,Low
SHP0295,V021,Chilled,Review,1,0.7533,0.2467,Low
SHP0296,V026,Chilled,Compliant,1,0.6822,0.3178,Medium
SHP0297,V100,Frozen,Compliant,1,0.8857,0.1143,Low
SHP0298,V093,Chilled,Compliant,1,0.9299,0.0701,Low
SHP0299,V004,Frozen,Review,0,0.3917,0.6083,High
SHP0300,V065,Frozen,Non-Compliant,0,0.0905,0.9095,Critical
SHP0301,V032,Chilled,Compliant,1,0.8005,0.1995,Low
SHP0302,V064,Frozen,Review,0,0.0249,0.9751,Critical
SHP0303,V035,Chilled,Review,0,0.0255,0.9745,Critical
SHP0304,V063,Chilled,Compliant,1,0.8263,0.1737,Low
SHP0305,V019,Frozen,Non-Compliant,0,0.0032,0.9968,Critical
SHP0306,V083,Frozen,Review,0,0.0001,0.9999,Critical
SHP0307,V046,Chilled,Compliant,1,0.8797,0.1203,Low
SHP0308,V007,Chilled,Review,0,0.0086,0.9914,Critical
SHP0309,V075,Frozen,Review,0,0.0001,0.9999,Critical
SHP0310,V011,Chilled,Review,0,0.0054,0.9946,Critical
SHP0311,V041,Chilled,Compliant,1,0.7968,0.2032,Low
SHP0312,V028,Chilled,Review,0,0.0017,0.9983,Critical
SHP0313,V056,Chilled,Compliant,1,0.8518,0.1482,Low
SHP0314,V082,Frozen,Review,0,0.0014,0.9986,Critical
SHP0315,V056,Chilled,Non-Compliant,0,0.0223,0.9777,Critical
SHP0316,V054,Chilled,Compliant,1,0.8878,0.1122,Low
SHP0317,V050,Frozen,Review,0,0.0064,0.9936,Critical
SHP0318,V001,Chilled,Review,0,0.0051,0.9949,Critical
SHP0319,V092,Chilled,Review,0,0.0,1.0,Critical
SHP0320,V016,Chilled,Review,0,0.0176,0.9824,Critical
SHP0321,V085,Chilled,Compliant,1,0.9357,0.0643,Low
SHP0322,V047,Frozen,Review,1,0.8267,0.1733,Low
SHP0323,V019,Frozen,Non-Compliant,0,0.0,1.0,Critical
SHP0324,V010,Chilled,Compliant,1,0.7296,0.2704,Medium
SHP0325,V028,Frozen,Review,0,0.0,1.0,Critical
SHP0326,V099,Frozen,Non-Compliant,0,0.1626,0.8374,Critical
SHP0327,V022,Chilled,Review,1,0.6815,0.3185,Medium
SHP0328,V033,Frozen,Non-Compliant,0,0.0938,0.9062,Critical
SHP0329,V071,Frozen,Non-Compliant,0,0.0,1.0,Critical
SHP0330,V097,Frozen,Compliant,1,0.7557,0.2443,Low
SHP0331,V010,Chilled,Review,0,0.0163,0.9837,Critical
SHP0332,V080,Frozen,Review,0,0.008,0.992,Critical
SHP0333,V030,Chilled,Compliant,1,0.8768,0.1232,Low
SHP0334,V046,Chilled,Review,0,0.0193,0.9807,Critical
SHP0335,V034,Frozen,Compliant,1,0.8674,0.1326,Low
SHP0336,V050,Chilled,Non-Compliant,0,0.0,1.0,Critical
SHP0337,V064,Frozen,Review,0,0.4831,0.5169,High
SHP0338,V036,Chilled,Compliant,1,0.7033,0.2967,Medium
SHP0339,V061,Chilled,Non-Compliant,0,0.0,1.0,Critical
SHP0340,V093,Frozen,Review,0,0.0861,0.9139,Critical
SHP0341,V018,Chilled,Non-Compliant,0,0.0574,0.9426,Critical
SHP0342,V085,Frozen,Compliant,1,0.6786,0.3214,Medium
SHP0343,V051,Chilled,Compliant,1,0.919,0.081,Low
SHP0344,V075,Chilled,Non-Compliant,0,0.0002,0.9998,Critical
SHP0345,V070,Frozen,Compliant,1,0.6481,0.3519,Medium
SHP0346,V023,Chilled,Review,1,0.5674,0.4326,Medium
SHP0347,V097,Frozen,Compliant,1,0.8502,0.1498,Low
SHP0348,V035,Frozen,Compliant,1,0.7239,0.2761,Medium
SHP0349,V082,Frozen,Review,0,0.0082,0.9918,Critical
SHP0350,V093,Chilled,Compliant,1,0.7383,0.2617,Medium
SHP0351,V099,Frozen,Review,0,0.0075,0.9925,Critical
SHP0352,V086,Chilled,Review,0,0.0,1.0,Critical
SHP0353,V012,Chilled,Compliant,1,0.8388,0.1612,Low
SHP0354,V042,Chilled,Compliant,1,0.7181,0.2819,Medium
SHP0355,V086,Chilled,Review,0,0.0106,0.9894,Critical
SHP0356,V100,Frozen,Compliant,1,0.7921,0.2079,Low
SHP0357,V039,Chilled,Compliant,1,0.8026,0.1974,Low
SHP0358,V072,Frozen,Review,0,0.0075,0.9925,Critical
SHP0359,V081,Frozen,Compliant,1,0.6036,0.3964,Medium
SHP0360,V008,Chilled,Review,1,0.6431,0.3569,Medium
SHP0361,V098,Frozen,Review,1,0.7474,0.2526,Medium
SHP0362,V036,Chilled,Compliant,1,0.9284,0.0716,Low
SHP0363,V060,Chilled,Compliant,1,0.8309,0.1691,Low
SHP0364,V020,Chilled,Review,1,0.8974,0.1026,Low
SHP0365,V008,Chilled,Compliant,1,0.7923,0.2077,Low
SHP0366,V093,Frozen,Compliant,1,0.7213,0.2787,Medium
SHP0367,V061,Frozen,Non-Compliant,0,0.0082,0.9918,Critical
SHP0368,V080,Frozen,Review,1,0.6781,0.3219,Medium
SHP0369,V039,Frozen,Compliant,1,0.7499,0.2501,Medium
SHP0370,V011,Chilled,Compliant,1,0.7905,0.2095,Low
SHP0371,V075,Frozen,Compliant,1,0.6655,0.3345,Medium
SHP0372,V026,Chilled,Compliant,1,0.7336,0.2664,Medium
SHP0373,V060,Frozen,Review,0,0.0221,0.9779,Critical
SHP0374,V095,Chilled,Review,0,0.0422,0.9578,Critical
SHP0375,V005,Frozen,Compliant,1,0.6818,0.3182,Medium
SHP0376,V018,Chilled,Review,0,0.0027,0.9973,Critical
SHP0377,V050,Frozen,Compliant,1,0.6828,0.3172,Medium
SHP0378,V098,Chilled,Compliant,1,0.5711,0.4289,Medium
SHP0379,V006,Frozen,Compliant,1,0.7191,0.2809,Medium
SHP0380,V058,Chilled,Compliant,1,0.8791,0.1209,Low
SHP0381,V045,Chilled,Non-Compliant,0,0.0001,0.9999,Critical
SHP0382,V092,Chilled,Compliant,1,0.8479,0.1521,Low
SHP0383,V096,Chilled,Compliant,1,0.9464,0.0536,Low
SHP0384,V098,Frozen,Non-Compliant,0,0.0042,0.9958,Critical
SHP0385,V057,Frozen,Non-Compliant,0,0.014,0.986,Critical
SHP0386,V096,Chilled,Compliant,1,0.9226,0.0774,Low
SHP0387,V033,Chilled,Compliant,1,0.9336,0.0664,Low
SHP0388,V087,Frozen,Review,0,0.0134,0.9866,Critical
SHP0389,V020,Frozen,Non-Compliant,0,0.0842,0.9158,Critical
SHP0390,V085,Frozen,Compliant,1,0.8559,0.1441,Low
SHP0391,V079,Chilled,Review,0,0.0394,0.9606,Critical
SHP0392,V033,Frozen,Compliant,1,0.7494,0.2506,Medium
SHP0393,V008,Chilled,Compliant,1,0.8467,0.1533,Low
SHP0394,V065,Chilled,Review,0,0.0088,0.9912,Critical
SHP0395,V053,Frozen,Compliant,1,0.7258,0.2742,Medium
SHP0396,V046,Frozen,Review,0,0.0047,0.9953,Critical
SHP0397,V082,Frozen,Compliant,1,0.6466,0.3534,Medium
SHP0398,V092,Chilled,Non-Compliant,0,0.1119,0.8881,Critical
SHP0399,V096,Frozen,Review,1,0.6616,0.3384,Medium
SHP0400,V031,Chilled,Review,0,0.0001,0.9999,Critical
SHP0401,V063,Chilled,Compliant,1,0.8778,0.1222,Low
SHP0402,V080,Chilled,Review,1,0.854,0.146,Low
SHP0403,V054,Frozen,Compliant,1,0.7984,0.2016,Low
SHP0404,V024,Frozen,Compliant,1,0.8734,0.1266,Low
SHP0405,V034,Chilled,Compliant,1,0.6975,0.3025,Medium
SHP0406,V050,Chilled,Compliant,1,0.8544,0.1456,Low
SHP0407,V062,Frozen,Review,0,0.0048,0.9952,Critical
SHP0408,V062,Frozen,Non-Compliant,0,0.0391,0.9609,Critical
SHP0409,V041,Frozen,Compliant,1,0.8218,0.1782,Low
SHP0410,V045,Chilled,Non-Compliant,0,0.0033,0.9967,Critical
SHP0411,V059,Frozen,Non-Compliant,0,0.0031,0.9969,Critical
SHP0412,V016,Frozen,Compliant,1,0.8788,0.1212,Low
SHP0413,V096,Chilled,Review,1,0.7506,0.2494,Low
SHP0414,V007,Chilled,Compliant,1,0.9266,0.0734,Low
SHP0415,V021,Frozen,Review,1,0.5961,0.4039,Medium
SHP0416,V080,Frozen,Compliant,1,0.7586,0.2414,Low
SHP0417,V016,Chilled,Review,0,0.0103,0.9897,Critical
SHP0418,V040,Frozen,Review,0,0.0072,0.9928,Critical
SHP0419,V047,Chilled,Review,0,0.002,0.998,Critical
SHP0420,V034,Frozen,Compliant,1,0.7393,0.2607,Medium
SHP0421,V046,Frozen,Non-Compliant,0,0.0001,0.9999,Critical
SHP0422,V017,Frozen,Compliant,1,0.8779,0.1221,Low
SHP0423,V031,Frozen,Compliant,1,0.7274,0.2726,Medium
SHP0424,V012,Chilled,Non-Compliant,0,0.007,0.993,Critical
SHP0425,V019,Chilled,Review,1,0.894,0.106,Low
SHP0426,V016,Chilled,Non-Compliant,0,0.0003,0.9997,Critical
SHP0427,V018,Chilled,Non-Compliant,0,0.0008,0.9992,Critical
SHP0428,V028,Frozen,Compliant,1,0.8983,0.1017,Low
SHP0429,V043,Frozen,Non-Compliant,0,0.0007,0.9993,Critical
SHP0430,V051,Chilled,Compliant,1,0.8965,0.1035,Low
SHP0431,V032,Frozen,Review,0,0.0004,0.9996,Critical
SHP0432,V093,Chilled,Compliant,1,0.6225,0.3775,Medium
SHP0433,V022,Frozen,Review,1,0.8269,0.1731,Low
SHP0434,V095,Chilled,Review,0,0.0001,0.9999,Critical
SHP0435,V091,Chilled,Review,0,0.0001,0.9999,Critical
SHP0436,V060,Frozen,Compliant,1,0.8704,0.1296,Low
SHP0437,V043,Chilled,Compliant,1,0.9176,0.0824,Low
SHP0438,V030,Chilled,Compliant,1,0.7788,0.2212,Low
SHP0439,V075,Chilled,Review,0,0.0226,0.9774,Critical
SHP0440,V040,Frozen,Compliant,1,0.7277,0.2723,Medium
SHP0441,V097,Frozen,Compliant,1,0.7611,0.2389,Low
SHP0442,V083,Frozen,Compliant,1,0.753,0.247,Low
SHP0443,V060,Frozen,Compliant,1,0.7315,0.2685,Medium
SHP0444,V081,Chilled,Compliant,1,0.8045,0.1955,Low
SHP0445,V053,Frozen,Compliant,1,0.6245,0.3755,Medium
SHP0446,V063,Frozen,Review,0,0.0214,0.9786,Critical
SHP0447,V030,Chilled,Review,0,0.0036,0.9964,Critical
SHP0448,V037,Frozen,Review,0,0.0152,0.9848,Critical
SHP0449,V063,Frozen,Compliant,1,0.8222,0.1778,Low
SHP0450,V059,Chilled,Review,0,0.0185,0.9815,Critical
SHP0451,V061,Chilled,Non-Compliant,0,0.0022,0.9978,Critical
SHP0452,V064,Chilled,Review,1,0.698,0.302,Medium
SHP0453,V011,Chilled,Non-Compliant,0,0.1185,0.8815,Critical
SHP0454,V088,Frozen,Compliant,1,0.6782,0.3218,Medium
SHP0455,V022,Frozen,Review,1,0.7882,0.2118,Low
SHP0456,V012,Chilled,Review,1,0.8371,0.1629,Low
SHP0457,V099,Chilled,Compliant,1,0.8539,0.1461,Low
SHP0458,V047,Chilled,Review,1,0.7637,0.2363,Low
SHP0459,V092,Chilled,Review,0,0.0077,0.9923,Critical
SHP0460,V061,Frozen,Review,1,0.6567,0.3433,Medium
SHP0461,V024,Frozen,Review,0,0.0034,0.9966,Critical
SHP0462,V052,Frozen,Review,0,0.0086,0.9914,Critical
SHP0463,V054,Chilled,Non-Compliant,0,0.0,1.0,Critical
SHP0464,V095,Frozen,Compliant,1,0.8551,0.1449,Low
SHP0465,V054,Frozen,Compliant,1,0.5178,0.4822,Medium
SHP0466,V039,Chilled,Review,0,0.0672,0.9328,Critical
SHP0467,V012,Chilled,Non-Compliant,0,0.0485,0.9515,Critical
SHP0468,V057,Chilled,Compliant,1,0.8919,0.1081,Low
SHP0469,V083,Chilled,Review,0,0.023,0.977,Critical
SHP0470,V049,Chilled,Review,0,0.0193,0.9807,Critical
SHP0471,V081,Frozen,Compliant,1,0.7737,0.2263,Low
SHP0472,V047,Chilled,Review,1,0.8028,0.1972,Low
SHP0473,V064,Chilled,Review,1,0.7928,0.2072,Low
SHP0474,V028,Frozen,Compliant,1,0.7642,0.2358,Low
SHP0475,V032,Chilled,Review,0,0.0347,0.9653,Critical
SHP0476,V011,Chilled,Review,0,0.0,1.0,Critical
SHP0477,V001,Chilled,Compliant,1,0.8936,0.1064,Low
SHP0478,V022,Frozen,Review,1,0.8448,0.1552,Low
SHP0479,V030,Frozen,Review,0,0.0075,0.9925,Critical
SHP0480,V058,Frozen,Review,0,0.0001,0.9999,Critical
SHP0481,V043,Frozen,Compliant,1,0.8995,0.1005,Low
SHP0482,V075,Chilled,Non-Compliant,0,0.0124,0.9876,Critical
SHP0483,V099,Chilled,Compliant,1,0.8582,0.1418,Low
SHP0484,V051,Chilled,Review,0,0.0538,0.9462,Critical
SHP0485,V082,Chilled,Compliant,1,0.763,0.237,Low
SHP0486,V017,Chilled,Compliant,1,0.684,0.316,Medium
SHP0487,V002,Frozen,Compliant,1,0.8107,0.1893,Low
SHP0488,V026,Chilled,Compliant,1,0.9567,0.0433,Low
SHP0489,V049,Chilled,Review,0,0.0006,0.9994,Critical
SHP0490,V022,Chilled,Review,1,0.8506,0.1494,Low
SHP0491,V006,Frozen,Compliant,1,0.5915,0.4085,Medium
SHP0492,V004,Frozen,Review,1,0.5911,0.4089,Medium
SHP0493,V056,Chilled,Review,1,0.812,0.188,Low
SHP0494,V006,Frozen,Compliant,1,0.6891,0.3109,Medium
SHP0495,V050,Chilled,Review,0,0.0033,0.9967,Critical
SHP0496,V035,Frozen,Compliant,1,0.7154,0.2846,Medium
SHP0497,V011,Chilled,Compliant,1,0.9047,0.0953,Low
SHP0498,V065,Chilled,Compliant,1,0.8363,0.1637,Low
SHP0499,V052,Chilled,Review,0,0.0337,0.9663,Critical
SHP0500,V053,Frozen,Review,0,0.001,0.999,Critical
