shipment_id,vehicle_id,product_type,journey_duration_min,cost_proxy,time_proxy,emissions_proxy,reliability_norm,score_Conservative,score_Balanced,score_Eco-Friendly,score_Speed-First,recommended_strategy
SHP0001,V058,Frozen,106.0,53.0,106.0,22.259999999999998,0.0,0.6548640724946695,0.35288290689410096,0.22352078891257993,0.2235412224591329,Eco-Friendly
SHP0002,V004,Frozen,99.0,51.5,99.0,20.79,9.999999999998899e-05,0.6482409061833689,0.3401780028429282,0.20649986140724946,0.20592194740582798,Speed-First
SHP0003,V046,Chilled,287.0,173.5,347.0,72.86999999999999,0.017000000000000015,0.9321041044776119,0.8876498756218905,0.8689623134328357,0.869089800995025,Eco-Friendly
SHP0004,V099,Frozen,276.0,138.0,276.0,57.96,0.886,0.3260226012793177,0.5116023454157782,0.5914106609808102,0.5915066098081022,Conservative
SHP0005,V072,Frozen,256.0,160.0,308.0,64.67999999999999,9.999999999998899e-05,0.9010860554371002,0.8135766346837241,0.7712853091684433,0.7696097583511017,Speed-First
SHP0006,V043,Frozen,213.0,121.5,252.0,52.919999999999995,0.015599999999999947,0.8156200106609809,0.6688278784648187,0.6099871748400851,0.6114117484008529,Eco-Friendly
SHP0007,V053,Chilled,133.0,81.5,181.0,38.01,0.0,0.7362806503198294,0.5072339196872779,0.41687766524520253,0.4196099857853589,Eco-Friendly
SHP0008,V046,Frozen,144.0,87.0,186.0,39.059999999999995,0.03939999999999999,0.7212827078891257,0.5130311300639658,0.42904240938166305,0.43088409381663106,Eco-Friendly
SHP0009,V020,Chilled,137.0,68.5,137.0,28.77,0.8722,0.1685176865671642,0.20416703980099501,0.21954305970149252,0.21957726368159203,Conservative
SHP0010,V028,Chilled,171.0,100.5,191.0,40.11,0.022499999999999964,0.7472076226012794,0.5448081023454158,0.45398001066098076,0.4525501066098081,Speed-First
SHP0011,V099,Chilled,256.0,128.0,256.0,53.76,0.8807,0.30534865671641787,0.4681956467661691,0.5382359701492537,0.5383230348258706,Conservative
SHP0012,V096,Chilled,131.0,65.5,131.0,27.509999999999998,0.64,0.30068150319829423,0.24879753020611228,0.22665165245202554,0.2266831911869225,Eco-Friendly
SHP0013,V060,Chilled,187.0,93.5,187.0,39.269999999999996,0.0,0.7514725479744135,0.5340462864250177,0.4410247867803837,0.4410812011371712,Eco-Friendly
SHP0014,V052,Chilled,205.0,102.5,205.0,43.05,0.788,0.3001410980810234,0.3773048152096659,0.4105590085287846,0.4106234186211798,Conservative
SHP0015,V002,Chilled,320.0,175.0,350.0,73.5,0.00039999999999995595,0.9456421961620469,0.8985096304193319,0.8786780170575692,0.8788068372423596,Eco-Friendly
SHP0016,V041,Frozen,87.0,43.5,87.0,18.27,0.7165,0.20230282515991468,0.13126279317697226,0.10085133262260128,0.10086332622601278,Eco-Friendly
SHP0017,V100,Chilled,183.0,106.5,208.0,43.68,0.7558,0.3252713326226012,0.3957848081023454,0.42406685501066094,0.42338855010660975,Conservative
SHP0018,V062,Frozen,66.0,48.0,100.0,21.0,0.5722,0.3026021748400852,0.1934372068230277,0.1484036673773987,0.1490166737739872,Eco-Friendly
SHP0019,V031,Chilled,351.0,175.5,351.0,73.71,0.09570000000000001,0.8896548933901919,0.8769212153518123,0.871833251599147,0.8719625159914712,Eco-Friendly
SHP0020,V011,Chilled,148.0,74.0,148.0,31.08,0.6017,0.343937356076759,0.29639447405828,0.27613063965884854,0.27616972992181943,Eco-Friendly
SHP0021,V097,Chilled,94.0,47.0,94.0,19.74,0.8557,0.1271317057569296,0.11211888770433545,0.10572797441364604,0.10574307746979389,Eco-Friendly
SHP0022,V002,Frozen,90.0,45.0,90.0,18.9,0.00880000000000003,0.6305009168443496,0.3148975479744136,0.17967703624733472,0.17969036247334752,Eco-Friendly
SHP0023,V037,Chilled,316.0,158.0,316.0,66.36,0.8625,0.38783049040511725,0.6069407427149964,0.7011700426439232,0.7012837597725657,Conservative
SHP0024,V092,Chilled,335.0,167.5,335.0,70.35,0.8917,0.392971737739872,0.642135856432125,0.7492694989339018,0.7493916560056859,Conservative
SHP0025,V010,Frozen,218.0,109.0,218.0,45.78,0.0,0.7884461620469083,0.6033804193319119,0.5242670575692964,0.5243372423596304,Eco-Friendly
SHP0026,V026,Chilled,139.0,71.5,139.0,29.189999999999998,0.929,0.13860879530916842,0.19741640014214637,0.22101924307036241,0.22045909737029135,Conservative
SHP0027,V019,Chilled,93.0,48.5,93.0,19.529999999999998,0.6727000000000001,0.23752472281449888,0.15860849324804546,0.1231284541577825,0.12254787491115848,Speed-First
SHP0028,V007,Chilled,182.0,91.0,182.0,38.22,0.8564,0.23166906183368863,0.3087633617626155,0.3419586140724946,0.34201280739161327,Conservative
SHP0029,V032,Chilled,282.0,156.0,313.0,65.73,0.7767,0.43528597014925374,0.6209369402985074,0.7012479104477611,0.7015091044776119,Conservative
SHP0030,V083,Frozen,88.0,59.0,101.0,21.21,0.013499999999999956,0.6483898720682303,0.3509737917555082,0.21633390191897656,0.2138223525230988,Speed-First
SHP0031,V080,Frozen,130.0,65.0,130.0,27.3,0.7239,0.24914880597014924,0.22558594527363185,0.21557641791044774,0.21560751243781093,Eco-Friendly
SHP0032,V036,Frozen,327.0,163.5,327.0,68.67,0.847,0.41025015991471214,0.6354181769722814,0.7322576226012792,0.7323762260127932,Conservative
SHP0033,V040,Chilled,124.0,62.0,124.0,26.04,0.018299999999999983,0.6653526226012794,0.3885664356787491,0.27002501066098084,0.27005343994314146,Eco-Friendly
SHP0034,V045,Frozen,279.0,139.5,279.0,58.589999999999996,0.0,0.8612006929637526,0.7398121002132196,0.6880663646055436,0.6881636460554371,Eco-Friendly
SHP0035,V063,Frozen,355.0,177.5,355.0,74.55,9.999999999998899e-05,0.9517856823027718,0.9097675550817341,0.8921341897654583,0.8922652309879175,Eco-Friendly
SHP0036,V090,Frozen,244.0,122.0,244.0,51.239999999999995,0.8259,0.323916289978678,0.45505662757640375,0.5114931556503197,0.5115748898365317,Conservative
SHP0037,V026,Frozen,248.0,139.0,292.0,61.32,0.8619,0.3533157569296375,0.5429960376687989,0.6305344136460554,0.6327208031272211,Conservative
SHP0038,V088,Frozen,353.0,193.5,387.0,81.27,0.0,0.9900119936034115,0.9813632729211087,0.9780716950959486,0.9782169509594881,Eco-Friendly
SHP0039,V042,Chilled,61.0,45.5,111.0,23.31,0.8878,0.119218987206823,0.1272348791755508,0.13923839019189765,0.14223723525230986,Conservative
SHP0040,V072,Frozen,246.0,140.0,264.0,55.44,0.04500000000000004,0.8234530916844349,0.7069180881307746,0.6504307036247334,0.648140369580668,Speed-First
SHP0041,V086,Frozen,78.0,41.0,78.0,16.38,0.006700000000000039,0.6192342643923241,0.2915597192608387,0.14944993603411513,0.1488626936744847,Speed-First
SHP0042,V091,Frozen,187.0,123.5,254.0,53.339999999999996,0.012299999999999978,0.8208782622601279,0.6756141435678749,0.6165805010660981,0.6177083439943142,Eco-Friendly
SHP0043,V021,Chilled,99.0,49.5,99.0,20.79,0.7857000000000001,0.17509519189765452,0.14080181236673772,0.12615414712153517,0.1261714712153518,Eco-Friendly
SHP0044,V070,Chilled,86.0,45.0,86.0,18.06,0.9271,0.076535842217484,0.07935239872068228,0.07889181236673773,0.07830812366737738,Conservative
SHP0045,V008,Chilled,265.0,132.5,265.0,55.65,0.8037,0.3622829317697228,0.5075749111584932,0.5701030810234541,0.5701941435678749,Conservative
SHP0046,V083,Chilled,219.0,109.5,219.0,45.989999999999995,9.999999999998899e-05,0.7895788592750533,0.6055920042643923,0.5269422921108742,0.527012921108742,Eco-Friendly
SHP0047,V002,Frozen,64.0,32.0,64.0,13.44,0.0,0.60477078891258,0.2589463397299218,0.11074093816631131,0.11074271499644635,Eco-Friendly
SHP0048,V047,Frozen,215.0,107.5,215.0,45.15,0.8826,0.25530807036247327,0.3760206645344705,0.4279513539445628,0.4280202061122956,Conservative
SHP0049,V100,Frozen,312.0,156.0,312.0,65.52,0.0020999999999999908,0.8992997014925372,0.8130944029850746,0.776469104477612,0.7765810447761194,Eco-Friendly
SHP0050,V099,Chilled,63.0,31.5,63.0,13.229999999999999,0.43420000000000003,0.3430580916844349,0.14815975479744134,0.06463570362473346,0.06463703624733474,Eco-Friendly
SHP0051,V059,Frozen,237.0,118.5,237.0,49.769999999999996,0.0,0.811107409381663,0.6458755330490404,0.575286513859275,0.5753651385927505,Eco-Friendly
SHP0052,V045,Chilled,252.0,126.0,252.0,52.919999999999995,0.0,0.8289978678038379,0.6794243070362472,0.6155650319829423,0.6156503198294243,Eco-Friendly
SHP0053,V018,Frozen,181.0,90.5,181.0,38.01,0.78,0.27631636460554365,0.325626776830135,0.34691337953091683,0.34696712864250173,Conservative
SHP0054,V091,Frozen,203.0,101.5,203.0,42.629999999999995,0.7138,0.3422757036247335,0.391381645344705,0.4126085394456289,0.4126720611229566,Conservative
SHP0055,V007,Frozen,326.0,178.0,359.0,75.39,0.057599999999999985,0.9207171855010661,0.9021067519545132,0.8957858422174839,0.8963650888415068,Eco-Friendly
SHP0056,V053,Frozen,103.0,51.5,103.0,21.63,0.6543,0.25870598081023455,0.18259815209665956,0.15003508528784648,0.15005418621179814,Eco-Friendly
SHP0057,V017,Chilled,261.0,130.5,261.0,54.809999999999995,0.08340000000000003,0.7896921428571428,0.6787035714285714,0.6313921428571427,0.6314814285714285,Eco-Friendly
SHP0058,V071,Chilled,282.0,141.0,282.0,59.22,0.07450000000000001,0.8200787846481876,0.7278968550106609,0.688672068230277,0.6887706823027718,Eco-Friendly
SHP0059,V041,Chilled,221.0,110.5,221.0,46.41,0.9385,0.22892425373134326,0.3754651741293532,0.4384727611940298,0.43854427860696515,Conservative
SHP0060,V045,Frozen,199.0,99.5,199.0,41.79,0.007499999999999951,0.7612849147121535,0.5590103056147833,0.47249760127931767,0.4725593461265103,Eco-Friendly
SHP0061,V049,Chilled,359.0,179.5,359.0,75.39,0.011299999999999977,0.9498364712153518,0.915913894811656,0.9017551279317697,0.9018879459843638,Eco-Friendly
SHP0062,V016,Frozen,290.0,145.0,290.0,60.9,0.07599999999999996,0.8287203624733475,0.7454145344705045,0.7100039445628998,0.7101061122956644,Eco-Friendly
SHP0063,V017,Frozen,334.0,167.0,334.0,70.14,0.8346,0.42603904051172703,0.6541742714996446,0.752294264392324,0.7524159772565743,Conservative
SHP0064,V080,Chilled,297.0,163.5,352.0,73.92,0.09750000000000003,0.8786068763326226,0.8601066098081023,0.8631777718550107,0.8670277185501065,Balanced
SHP0065,V033,Chilled,215.0,107.5,215.0,45.15,0.043200000000000016,0.7589480703624732,0.5858706645344705,0.5118913539445629,0.5119602061122956,Eco-Friendly
SHP0066,V061,Chilled,227.0,128.5,266.0,55.86,0.023900000000000032,0.8273377718550106,0.6980650675195451,0.6467504584221748,0.648181250888415,Eco-Friendly
SHP0067,V028,Frozen,242.0,136.0,267.0,56.07,0.06599999999999995,0.8095204690831557,0.7001933191186923,0.6514756929637527,0.6508235963041934,Speed-First
SHP0068,V061,Chilled,213.0,121.5,261.0,54.809999999999995,0.033299999999999996,0.8117164285714286,0.6778357142857142,0.6283664285714285,0.6311342857142856,Eco-Friendly
SHP0069,V083,Frozen,291.0,145.5,291.0,61.11,0.0,0.8755130597014925,0.766651119402985,0.7202891791044775,0.7203917910447761,Eco-Friendly
SHP0070,V059,Chilled,112.0,56.0,112.0,23.52,0.00649999999999995,0.6581202558635394,0.36467741648898366,0.2389821961620469,0.2390052949538024,Eco-Friendly
SHP0071,V071,Chilled,173.0,86.5,173.0,36.33,0.0040999999999999925,0.7323147867803838,0.5017090973702913,0.4030215031982942,0.40307169864960907,Eco-Friendly
SHP0072,V051,Chilled,103.0,66.5,131.0,27.509999999999998,0.8654999999999999,0.16627436034115142,0.19391062544420753,0.20499450959488272,0.20472842928216062,Conservative
SHP0073,V064,Chilled,93.0,61.5,126.0,26.459999999999997,0.7343,0.2367987313432836,0.21180746268656717,0.20245619402985074,0.20293194029850747,Eco-Friendly
SHP0074,V034,Chilled,229.0,116.5,229.0,48.089999999999996,0.8838,0.2730715458422174,0.4100090440653873,0.4672103518123667,0.466690184790334,Conservative
SHP0075,V070,Frozen,146.0,73.0,146.0,30.66,0.008700000000000041,0.6973519616204691,0.44017130419331907,0.3300601705756929,0.3300983724235963,Eco-Friendly
SHP0076,V071,Chilled,314.0,157.0,314.0,65.94,0.032299999999999995,0.8835650959488273,0.8100175728500354,0.7788195735607675,0.7789324022743425,Eco-Friendly
SHP0077,V037,Frozen,148.0,74.0,148.0,31.08,0.0,0.704957356076759,0.44681947405828004,0.3363006396588486,0.33633972992181943,Eco-Friendly
SHP0078,V036,Frozen,203.0,101.5,203.0,42.629999999999995,0.5886,0.41739570362473344,0.422681645344705,0.42512853944562895,0.42519206112295665,Conservative
SHP0079,V062,Frozen,185.0,122.5,250.0,52.5,0.04730000000000001,0.7960003304904051,0.6594058990760483,0.6032324200426438,0.6040608670931058,Eco-Friendly
SHP0080,V087,Frozen,341.0,170.5,341.0,71.61,0.8963,0.39736792110874203,0.6544053660270077,0.7649209061833688,0.7650457285003553,Conservative
SHP0081,V039,Chilled,256.0,143.0,284.0,59.64,0.0,0.8680570362473348,0.7524831201137171,0.70238539445629,0.702187277896233,Speed-First
SHP0082,V023,Frozen,329.0,164.5,329.0,69.09,0.0044999999999999485,0.9181355543710021,0.8505163468372423,0.821878091684435,0.8219975835110163,Eco-Friendly
SHP0083,V017,Frozen,243.0,136.5,284.0,59.64,0.0242,0.8477334648187633,0.736760501066098,0.6941618230277186,0.6958982302771854,Eco-Friendly
SHP0084,V058,Frozen,349.0,174.5,349.0,73.28999999999999,0.01090000000000002,0.9381494989339019,0.8936480454868514,0.8749427825159914,0.875071158493248,Eco-Friendly
SHP0085,V071,Chilled,152.0,76.0,152.0,31.919999999999998,0.5996,0.349968144989339,0.3058658137882019,0.2870815778251599,0.28712244491826583,Eco-Friendly
SHP0086,V016,Frozen,75.0,37.5,75.0,15.75,0.577,0.2716904584221749,0.13929877398720683,0.08257851812366737,0.08258518123667377,Eco-Friendly
SHP0087,V060,Chilled,243.0,136.5,270.0,56.699999999999996,0.00019999999999997797,0.8516857036247334,0.7218649786780383,0.6652185394456289,0.6648653944562899,Speed-First
SHP0088,V040,Chilled,186.0,93.0,186.0,39.059999999999995,0.8289,0.2529398507462687,0.32458470149253726,0.3554495522388059,0.3555055223880597,Conservative
SHP0089,V016,Chilled,88.0,44.0,88.0,18.48,0.8902,0.09927552238805971,0.09007437810945274,0.08616656716417911,0.08617900497512437,Eco-Friendly
SHP0090,V022,Frozen,148.0,91.0,161.0,33.81,0.4102,0.4837174200426439,0.38897007818052587,0.3395636886993604,0.33648355366027005,Speed-First
SHP0091,V023,Chilled,243.0,121.5,243.0,51.03,0.8438,0.311983592750533,0.44834504264392316,0.507017921108742,0.50709921108742,Conservative
SHP0092,V030,Chilled,240.0,120.0,240.0,50.4,0.8415,0.30978550106609803,0.44221028784648186,0.49919221748400844,0.4992721748400853,Conservative
SHP0093,V049,Frozen,312.0,156.0,312.0,65.52,0.04069999999999996,0.8761397014925373,0.8034444029850747,0.772609104477612,0.7727210447761195,Eco-Friendly
SHP0094,V040,Chilled,79.0,54.5,116.0,24.36,0.5787,0.3164460447761194,0.22536542288557213,0.1893781343283582,0.19044467661691541,Eco-Friendly
SHP0095,V010,Chilled,172.0,86.0,172.0,36.12,0.7997,0.2537620895522388,0.3005725124378109,0.3207762686567164,0.32082601990049747,Conservative
SHP0096,V026,Frozen,229.0,114.5,229.0,48.089999999999996,0.7378,0.3588858315565031,0.4435328535891968,0.4800246375266524,0.4800997085998578,Conservative
SHP0097,V095,Chilled,150.0,90.0,202.0,42.42,0.00990000000000002,0.7536015778251598,0.548751012793177,0.47049187633262257,0.473828763326226,Eco-Friendly
SHP0098,V026,Frozen,360.0,180.0,360.0,75.6,0.6402,0.5736891684434968,0.7609254797441364,0.8415503624733475,0.8416836247334755,Conservative
SHP0099,V042,Chilled,246.0,138.0,256.0,53.76,0.8483,0.3337172281449893,0.49117659914712153,0.5504045415778253,0.5475154157782516,Conservative
SHP0100,V051,Frozen,262.0,131.0,262.0,55.019999999999996,0.6411,0.45626484008528784,0.5415151563610519,0.5783073773987206,0.5783971073205401,Conservative
SHP0101,V040,Frozen,225.0,112.5,225.0,47.25,0.00019999999999997797,0.7966750426439232,0.618986513859275,0.5430436993603411,0.5431169936034115,Eco-Friendly
SHP0102,V062,Frozen,222.0,111.0,222.0,46.62,0.796,0.3156169509594882,0.41332675906183364,0.4554079957356076,0.45547995735607666,Conservative
SHP0103,V085,Chilled,242.0,121.0,242.0,50.82,0.8212,0.324350895522388,0.45175845771144274,0.5065926865671642,0.5066735323383084,Conservative
SHP0104,V040,Frozen,217.0,108.5,217.0,45.57,0.03420000000000001,0.7667334648187634,0.5925938343994315,0.5181618230277185,0.5182315636105188,Eco-Friendly
SHP0105,V005,Chilled,60.0,45.0,114.0,23.939999999999998,0.0019000000000000128,0.6525513646055436,0.3524434434968017,0.2340983795309168,0.23769379530916843,Eco-Friendly
SHP0106,V002,Chilled,153.0,93.5,163.0,34.23,0.0,0.7335621002132195,0.4982253909026297,0.3872934434968016,0.3837677683013504,Speed-First
SHP0107,V047,Frozen,349.0,174.5,349.0,73.28999999999999,0.035800000000000054,0.9232094989339018,0.8874230454868514,0.8724527825159913,0.8725811584932481,Eco-Friendly
SHP0108,V079,Frozen,99.0,64.5,133.0,27.93,0.615,0.3162811833688699,0.25654450959488273,0.23273640724946695,0.2333640724946695,Eco-Friendly
SHP0109,V004,Chilled,105.0,52.5,105.0,22.05,0.7177,0.22305137526652452,0.1712213219616205,0.14906555437100213,0.14908554371002133,Eco-Friendly
SHP0110,V063,Frozen,167.0,98.5,201.0,42.21,0.5920000000000001,0.4111845948827292,0.4143822850035536,0.417632356076759,0.41829022743425726,Conservative
SHP0111,V065,Frozen,115.0,57.5,115.0,24.15,0.733,0.22579834754797443,0.18976217128642503,0.17438789978678038,0.17441233120113717,Eco-Friendly
SHP0112,V011,Chilled,274.0,139.0,274.0,57.54,0.9122,0.30970292110874204,0.5035553660270078,0.5852059061833688,0.5847057285003553,Conservative
SHP0113,V083,Chilled,253.0,126.5,253.0,53.129999999999995,0.023499999999999965,0.8160905650319829,0.6757858919687277,0.6159002665245201,0.6159859985785359,Eco-Friendly
SHP0114,V042,Chilled,305.0,152.5,305.0,64.05,0.9142,0.34369082089552233,0.5694133084577113,0.6664624626865672,0.6665712935323383,Conservative
SHP0115,V019,Chilled,97.0,48.5,97.0,20.37,0.5686,0.3029697974413646,0.19060364250177683,0.14249367803837953,0.14251011371712866,Eco-Friendly
SHP0116,V018,Chilled,193.0,126.5,252.0,52.919999999999995,0.025399999999999978,0.8142042963752665,0.6738183546552949,0.6134714605543709,0.6134079388770434,Speed-First
SHP0117,V086,Frozen,252.0,141.0,295.0,61.949999999999996,0.0131,0.866620277185501,0.7626498400852878,0.7239165458422174,0.7259554584221748,Eco-Friendly
SHP0118,V051,Chilled,107.0,53.5,107.0,22.47,0.8903,0.1218767697228145,0.13254449182658137,0.13717602345415777,0.1371969012082445,Conservative
SHP0119,V052,Chilled,307.0,153.5,307.0,64.47,0.9019,0.3534562153518123,0.5769614783226723,0.6730629317697226,0.6731726510305613,Conservative
SHP0120,V039,Chilled,282.0,143.0,282.0,59.22,0.9075,0.3220644989339019,0.5226230454868515,0.6071577825159914,0.606661158493248,Conservative
SHP0121,V081,Frozen,165.0,82.5,165.0,34.65,0.7435,0.27913320895522387,0.29896641791044776,0.3075996268656716,0.3076462686567164,Conservative
SHP0122,V035,Chilled,336.0,198.0,373.0,78.33,0.012700000000000045,0.9759620895522387,0.9639891791044776,0.9494762686567164,0.9461926865671642,Speed-First
SHP0123,V064,Chilled,261.0,130.5,261.0,54.809999999999995,0.00029999999999996696,0.8395521428571429,0.6994785714285714,0.6397021428571428,0.6397914285714286,Eco-Friendly
SHP0124,V095,Frozen,87.0,43.5,87.0,18.27,0.764,0.1738028251599147,0.11938779317697228,0.09610133262260127,0.09611332622601278,Eco-Friendly
SHP0125,V086,Chilled,210.0,120.0,254.0,53.339999999999996,0.7924,0.3496932622601279,0.47538081023454154,0.535445501066098,0.5376150106609808,Conservative
SHP0126,V082,Chilled,73.0,36.5,73.0,15.33,0.025399999999999978,0.6002650639658849,0.2727256041222459,0.13236804904051175,0.1323738237384506,Eco-Friendly
SHP0127,V018,Frozen,101.0,50.5,101.0,21.21,0.00990000000000002,0.6429605863539445,0.3392249822316986,0.20910461620469084,0.209122828713575,Eco-Friendly
SHP0128,V098,Frozen,263.0,131.5,263.0,55.23,0.02939999999999998,0.8244775373134328,0.6966767412935323,0.6421626119402984,0.6422527860696517,Eco-Friendly
SHP0129,V081,Chilled,338.0,186.0,395.0,82.95,0.965,0.41028571428571425,0.7408928571428572,0.8927857142857143,0.8963571428571429,Conservative
SHP0130,V019,Frozen,255.0,127.5,255.0,53.55,0.7176,0.4020159594882729,0.5067340618336886,0.5518607356076759,0.5519473560767592,Conservative
SHP0131,V065,Chilled,194.0,97.0,194.0,40.74,0.01970000000000005,0.7480014285714285,0.5447773809523809,0.45785142857142863,0.45791095238095236,Eco-Friendly
SHP0132,V041,Chilled,197.0,98.5,197.0,41.37,0.0,0.7633995202558634,0.5564121357498223,0.467877132196162,0.46793798862828717,Eco-Friendly
SHP0133,V049,Frozen,109.0,54.5,109.0,22.89,0.014800000000000035,0.6495621641791045,0.35589266169154227,0.23009649253731343,0.23011825870646765,Eco-Friendly
SHP0134,V070,Frozen,176.0,103.0,200.0,42.0,0.0,0.7696561833688699,0.5675861762615494,0.47861140724946694,0.4777807391613361,Speed-First
SHP0135,V075,Chilled,327.0,163.5,327.0,68.67,0.8852,0.38733015991471215,0.6258681769722814,0.7284376226012793,0.7285562260127932,Conservative
SHP0136,V090,Frozen,303.0,151.5,303.0,63.629999999999995,0.8302,0.39170542643923234,0.5859401385927505,0.6694919936034114,0.669599936034115,Conservative
SHP0137,V057,Frozen,100.0,50.0,100.0,21.0,0.0,0.6477078891257996,0.33946339729921815,0.207409381663113,0.20742714996446338,Eco-Friendly
SHP0138,V058,Frozen,324.0,177.0,374.0,78.53999999999999,0.8418,0.4604983582089552,0.7269567164179105,0.8500550746268656,0.8531707462686569,Conservative
SHP0139,V035,Chilled,289.0,144.5,289.0,60.69,0.8753,0.34794766524520254,0.543352949538024,0.6273887100213218,0.6274904335465528,Conservative
SHP0140,V023,Frozen,81.0,40.5,81.0,17.009999999999998,0.48829999999999996,0.3320666417910448,0.17489328358208955,0.10755992537313432,0.10756925373134328,Eco-Friendly
SHP0141,V097,Frozen,163.0,81.5,163.0,34.23,0.772,0.25964781449893387,0.28736824804548683,0.29937915778251595,0.29942491115849323,Conservative
SHP0142,V020,Chilled,94.0,47.0,94.0,19.74,0.7289,0.20321170575692965,0.14381888770433546,0.11840797441364603,0.11842307746979389,Eco-Friendly
SHP0143,V049,Chilled,342.0,186.0,375.0,78.75,0.9049,0.43142034115138594,0.7260671108742004,0.8540195948827293,0.8546059488272921,Conservative
SHP0144,V001,Chilled,66.0,33.0,66.0,13.86,0.8384,0.10411618336886991,0.053819509594882714,0.03227140724946695,0.03227407249466951,Eco-Friendly
SHP0145,V061,Chilled,272.0,151.0,321.0,67.41,0.4003,0.6626318336886994,0.7195367626154939,0.7523340724946693,0.7552773916133617,Conservative
SHP0146,V093,Frozen,111.0,70.5,150.0,31.5,0.009099999999999997,0.6978648933901919,0.44232121535181235,0.3367432515991471,0.33812251599147125,Eco-Friendly
SHP0147,V039,Frozen,206.0,103.0,206.0,43.26,0.010800000000000032,0.7676537953091684,0.5738414001421464,0.49096424307036246,0.4910290973702914,Eco-Friendly
SHP0148,V018,Frozen,256.0,128.0,256.0,53.76,0.7539,0.3814286567164179,0.4998956467661691,0.5509159701492538,0.5510030348258707,Conservative
SHP0149,V020,Frozen,79.0,54.5,139.0,29.189999999999998,0.7377,0.23821022388059698,0.21994378109452734,0.224970671641791,0.22947004975124377,Balanced
SHP0150,V005,Frozen,265.0,134.5,265.0,55.65,0.0008000000000000229,0.845808646055437,0.7112761016346837,0.6521787953091683,0.6516746197583511,Speed-First
SHP0151,V054,Chilled,181.0,107.5,237.0,49.769999999999996,0.9658,0.22180598081023456,0.3880564854299929,0.4688850852878464,0.4722375195451315,Conservative
SHP0152,V090,Frozen,250.0,125.0,250.0,52.5,0.026800000000000046,0.8105324733475479,0.6682511371712864,0.6075145628997867,0.607598962331201,Eco-Friendly
SHP0153,V057,Frozen,203.0,101.5,203.0,42.629999999999995,0.5171,0.4602957036247335,0.44055664534470496,0.43227853944562894,0.43234206112295664,Eco-Friendly
SHP0154,V098,Frozen,213.0,136.5,247.0,51.87,0.6046,0.47188152452025584,0.5364366204690831,0.553286002132196,0.5495000213219616,Conservative
SHP0155,V079,Chilled,273.0,151.5,324.0,68.03999999999999,0.0,0.9054970682302772,0.82483342217484,0.7995269189765457,0.8027691897654583,Eco-Friendly
SHP0156,V032,Frozen,168.0,99.0,221.0,46.41,0.0029000000000000137,0.7800163965884861,0.592252078891258,0.5217649040511726,0.5252590405117271,Eco-Friendly
SHP0157,V065,Chilled,251.0,125.5,251.0,52.71,0.00029999999999996696,0.827625170575693,0.6771127221037669,0.6128497974413646,0.6129346410803127,Eco-Friendly
SHP0158,V088,Frozen,219.0,109.5,219.0,45.989999999999995,0.7155,0.36033885927505327,0.4267420042643923,0.45540229211087413,0.455472921108742,Conservative
SHP0159,V098,Chilled,328.0,164.0,328.0,68.88,0.00019999999999997797,0.9195228571428571,0.8493547619047619,0.819622857142857,0.8197419047619048,Eco-Friendly
SHP0160,V035,Chilled,162.0,81.0,162.0,34.019999999999996,0.005299999999999971,0.7184751172707889,0.47680666311300635,0.3733639232409381,0.3734092324093816,Eco-Friendly
SHP0161,V056,Frozen,85.0,42.5,85.0,17.849999999999998,9.999999999998899e-05,0.6297574307036248,0.30588962331201136,0.1671208635394456,0.16713196872778963,Eco-Friendly
SHP0162,V064,Frozen,297.0,148.5,297.0,62.37,0.011099999999999999,0.8760092430703624,0.7772956289978679,0.7352905863539445,0.7353958635394456,Eco-Friendly
SHP0163,V091,Frozen,123.0,61.5,123.0,25.83,0.0011999999999999789,0.6744199253731343,0.39060485074626866,0.269049776119403,0.2690777611940299,Eco-Friendly
SHP0164,V072,Chilled,288.0,146.0,288.0,60.48,0.9397,0.30990068230277185,0.5279925550817341,0.6200491897654583,0.6195552309879174,Conservative
SHP0165,V042,Chilled,239.0,134.5,254.0,53.339999999999996,0.8207,0.3456596908315565,0.4898831911869225,0.5455619296375266,0.5434159630419332,Conservative
SHP0166,V012,Frozen,106.0,53.0,106.0,22.259999999999998,0.7913,0.1800840724946695,0.15505790689410093,0.14439078891257995,0.1444112224591329,Eco-Friendly
SHP0167,V085,Chilled,143.0,71.5,143.0,30.029999999999998,0.8781,0.17213386993603413,0.21611154939587776,0.2350644669509595,0.23510133617626155,Conservative
SHP0168,V002,Chilled,175.0,87.5,175.0,36.75,0.6024,0.3757201812366737,0.35660726723525227,0.3485619722814499,0.3486130561478322,Eco-Friendly
SHP0169,V052,Frozen,322.0,161.0,322.0,67.62,0.7662,0.45276667377398716,0.6444352523098792,0.7269114498933902,0.7270278322672351,Conservative
SHP0170,V036,Chilled,148.0,74.0,148.0,31.08,0.7259,0.26941735607675904,0.26534447405828,0.26371063965884856,0.26374972992181944,Eco-Friendly
SHP0171,V043,Chilled,216.0,108.0,216.0,45.36,0.023800000000000043,0.7717807675906182,0.5929572494669509,0.5165165884861407,0.5165858848614072,Eco-Friendly
SHP0172,V046,Frozen,238.0,119.0,238.0,49.98,0.6153,0.44312010660980816,0.4942871179815209,0.5164417484008528,0.5165208173418622,Conservative
SHP0173,V088,Chilled,214.0,122.0,259.0,54.39,0.8407,0.3262303198294243,0.4737446872778962,0.5435952452025585,0.5459157853589197,Conservative
SHP0174,V082,Chilled,112.0,56.0,112.0,23.52,0.6008,0.30154025586353944,0.21610241648898365,0.17955219616204693,0.17957529495380242,Eco-Friendly
SHP0175,V056,Chilled,251.0,125.5,251.0,52.71,0.013000000000000012,0.8200051705756929,0.6739377221037669,0.6115797974413646,0.6116646410803127,Eco-Friendly
SHP0176,V063,Chilled,212.0,106.0,212.0,44.519999999999996,0.7663,0.3215099786780384,0.3983859097370291,0.4315256503198293,0.43159316986496093,Conservative
SHP0177,V031,Frozen,201.0,100.5,201.0,42.21,0.019199999999999995,0.7566503091684436,0.5605584754797441,0.4766980703624733,0.47676070362473344,Eco-Friendly
SHP0178,V072,Frozen,212.0,106.0,212.0,44.519999999999996,0.8004,0.30104997867803834,0.3898609097370291,0.4281156503198293,0.4281831698649609,Conservative
SHP0179,V058,Chilled,183.0,91.5,183.0,38.43,0.020000000000000018,0.7347017590618337,0.520099946695096,0.4282838486140724,0.4283384861407249,Eco-Friendly
SHP0180,V006,Chilled,223.0,111.5,223.0,46.83,0.7689,0.33306964818763324,0.42233834399431414,0.46080323027718545,0.4608756361051883,Conservative
SHP0181,V024,Chilled,211.0,105.5,211.0,44.309999999999995,0.7204999999999999,0.3477972814498934,0.4075993248045487,0.4334204157782516,0.43348749111584933,Conservative
SHP0182,V053,Chilled,78.0,39.0,78.0,16.38,0.368,0.4006685501066098,0.19825852878464817,0.11153422174840086,0.11154221748400853,Eco-Friendly
SHP0183,V086,Frozen,173.0,86.5,173.0,36.33,0.0,0.7347747867803838,0.5027340973702914,0.40343150319829424,0.40348169864960903,Eco-Friendly
SHP0184,V033,Frozen,319.0,159.5,319.0,66.99,0.8443,0.40232858208955213,0.6182004975124378,0.7110457462686566,0.7111607960199006,Conservative
SHP0185,V004,Frozen,345.0,172.5,345.0,72.45,0.0040000000000000036,0.937518710021322,0.8864267057569296,0.8648918443496801,0.8650184434968017,Eco-Friendly
SHP0186,V023,Chilled,125.0,77.5,140.0,29.4,0.00990000000000002,0.6961722068230276,0.43761250888415065,0.32052519189765455,0.3183285856432125,Speed-First
SHP0187,V043,Chilled,231.0,115.5,231.0,48.51,0.5802,0.45583122601279313,0.48740602345415773,0.5011551066098081,0.501231066098081,Conservative
SHP0188,V010,Frozen,217.0,108.5,217.0,45.57,0.8777,0.26063346481876326,0.38171883439943144,0.43381182302771853,0.4338815636105189,Conservative
SHP0189,V024,Frozen,359.0,179.5,359.0,75.39,0.00029999999999996696,0.9564364712153518,0.9186638948116559,0.9028551279317697,0.9029879459843638,Eco-Friendly
SHP0190,V093,Chilled,87.0,43.5,87.0,18.27,0.0049000000000000155,0.6292628251599146,0.30916279317697226,0.17201133262260127,0.1720233262260128,Eco-Friendly
SHP0191,V075,Chilled,159.0,79.5,159.0,33.39,0.6057,0.3546570255863539,0.31999690831556504,0.3052682196162047,0.3053121961620469,Eco-Friendly
SHP0192,V039,Chilled,331.0,165.5,331.0,69.50999999999999,0.8521,0.4119609488272922,0.6430895167022033,0.7424885607675905,0.7426089410092395,Conservative
SHP0193,V030,Chilled,137.0,68.5,137.0,28.77,0.01639999999999997,0.6819976865671642,0.418117039800995,0.3051230597014925,0.305157263681592,Eco-Friendly
SHP0194,V042,Frozen,351.0,175.5,351.0,73.71,0.026900000000000035,0.9309348933901919,0.8941212153518123,0.878713251599147,0.8788425159914712,Eco-Friendly
SHP0195,V070,Frozen,152.0,76.0,152.0,31.919999999999998,9.999999999998899e-05,0.7096681449893391,0.45574081378820186,0.3470315778251599,0.34707244491826583,Eco-Friendly
SHP0196,V021,Frozen,150.0,75.0,150.0,31.5,0.0,0.707342750533049,0.4512926439232409,0.34167110874200424,0.34171108742004264,Eco-Friendly
SHP0197,V043,Frozen,200.0,130.0,268.0,56.28,0.0,0.8445095948827293,0.7092572850035537,0.6549573560767591,0.6562402274342573,Eco-Friendly
SHP0198,V010,Chilled,141.0,70.5,141.0,29.61,0.8174,0.20616847547974412,0.22681337953091682,0.2357639978678038,0.23579997867803834,Conservative
SHP0199,V020,Frozen,282.0,141.0,282.0,59.22,0.00990000000000002,0.8588387846481875,0.7440468550106609,0.6951320682302771,0.6952306823027719,Eco-Friendly
SHP0200,V053,Chilled,79.0,39.5,79.0,16.59,0.911,0.07606124733475478,0.06474511371712863,0.059919456289978676,0.059927896233120115,Eco-Friendly
SHP0201,V006,Chilled,67.0,33.5,67.0,14.07,0.011600000000000055,0.6013888805970148,0.26275609452736315,0.11763664179104477,0.1176397512437811,Eco-Friendly
SHP0202,V060,Chilled,62.0,31.0,62.0,13.02,0.7274,0.16594539445628995,0.0726231698649609,0.032630469083155644,0.032631357498223164,Eco-Friendly
SHP0203,V056,Chilled,112.0,56.0,112.0,23.52,0.7973,0.18364025586353944,0.16697741648898365,0.15990219616204693,0.15992529495380242,Eco-Friendly
SHP0204,V036,Frozen,145.0,72.5,145.0,30.45,0.007299999999999973,0.6969992643923242,0.4382847192608387,0.3275149360341152,0.32755269367448475,Eco-Friendly
SHP0205,V097,Chilled,293.0,146.5,293.0,61.53,0.43010000000000004,0.6198384541577825,0.663599289267946,0.6826496481876333,0.6827531485429993,Conservative
SHP0206,V002,Frozen,282.0,141.0,282.0,59.22,0.05379999999999996,0.8324987846481876,0.733071855010661,0.6907420682302771,0.6908406823027718,Eco-Friendly
SHP0207,V079,Chilled,156.0,78.0,156.0,32.76,0.04059999999999997,0.690138933901919,0.4545621535181236,0.3537225159914712,0.3537651599147122,Eco-Friendly
SHP0208,V017,Chilled,174.0,102.0,215.0,45.15,0.06030000000000002,0.7437773560767591,0.5734111407249467,0.5052706396588486,0.5069763965884861,Eco-Friendly
SHP0209,V007,Frozen,318.0,159.0,318.0,66.78,9.999999999998899e-05,0.9076558848614072,0.8270139125799574,0.7927805117270788,0.7928951172707888,Eco-Friendly
SHP0210,V096,Frozen,79.0,39.5,79.0,16.59,0.48719999999999997,0.3303412473347548,0.17069511371712864,0.10229945628997869,0.10230789623312012,Eco-Friendly
SHP0211,V056,Chilled,84.0,57.0,142.0,29.82,0.8786,0.15814117270788908,0.19291663113006394,0.21982923240938163,0.22403232409381663,Conservative
SHP0212,V017,Frozen,70.0,65.0,127.0,26.669999999999998,0.0010999999999999899,0.68059,0.4018083333333333,0.28113999999999995,0.2807233333333333,Speed-First
SHP0213,V059,Frozen,254.0,127.0,254.0,53.339999999999996,0.8542,0.3188632622601279,0.47034747690120815,0.535515501066098,0.5356016773276475,Conservative
SHP0214,V024,Frozen,138.0,69.0,138.0,28.98,0.0,0.6930303837953091,0.4244536247334755,0.3094482942430704,0.3094829424307036,Eco-Friendly
SHP0215,V059,Chilled,111.0,70.5,133.0,27.93,0.0009000000000000119,0.6900983262260127,0.41899808102345415,0.2995035501066098,0.29834550106609803,Speed-First
SHP0216,V008,Chilled,130.0,65.0,130.0,27.3,0.8220000000000001,0.1902888059701492,0.20106094527363183,0.20576641791044772,0.20579751243781091,Conservative
SHP0217,V090,Chilled,120.0,75.0,149.0,31.29,0.028900000000000037,0.6892564818763326,0.44257510660980803,0.33654230277185493,0.3364330277185501,Speed-First
SHP0218,V100,Chilled,161.0,80.5,161.0,33.81,0.0,0.7204624200426439,0.4758950781805259,0.3712086886993603,0.37125355366027,Eco-Friendly
SHP0219,V047,Frozen,327.0,163.5,327.0,68.67,0.005600000000000049,0.9150901599147121,0.8457681769722813,0.8163976226012792,0.8165162260127932,Eco-Friendly
SHP0220,V051,Frozen,211.0,105.5,211.0,44.309999999999995,0.00880000000000003,0.7748172814498933,0.5855243248045486,0.5045904157782516,0.5046574911158493,Eco-Friendly
SHP0221,V036,Chilled,166.0,98.0,210.0,44.1,0.8824,0.2432145842217484,0.3544710732054016,0.40829518123667374,0.4104451457000711,Conservative
SHP0222,V008,Chilled,66.0,35.0,66.0,13.86,0.00880000000000003,0.6036618976545841,0.2641957000710732,0.11701712153518123,0.1164245486851457,Speed-First
SHP0223,V050,Frozen,136.0,68.0,136.0,28.56,0.8289,0.19330498933901918,0.21275545486851455,0.2211878251599147,0.22122158493248048,Conservative
SHP0224,V007,Frozen,111.0,55.5,111.0,23.31,0.6497999999999999,0.2709475586353945,0.2016158315565032,0.17196696162046904,0.17198961620469083,Eco-Friendly
SHP0225,V041,Chilled,195.0,99.5,195.0,40.949999999999996,0.8917,0.2277798400852878,0.3319901563610518,0.3751223773987207,0.3745871073205401,Conservative
SHP0226,V097,Frozen,149.0,74.5,149.0,31.29,0.6228,0.33247005330490403,0.29335605899076045,0.27670587420042636,0.2767454086709311,Eco-Friendly
SHP0227,V037,Chilled,220.0,110.0,220.0,46.199999999999996,0.0012999999999999678,0.7900515565031982,0.6075285891968727,0.5295075266524519,0.5295785998578535,Eco-Friendly
SHP0228,V005,Frozen,83.0,41.5,83.0,17.43,0.7857000000000001,0.1560120362473347,0.10501645344705045,0.08319039445628996,0.08320061122956644,Eco-Friendly
SHP0229,V052,Chilled,147.0,73.5,147.0,30.869999999999997,0.8445,0.19706465884861407,0.23345788912579957,0.24916540511727073,0.2492040511727079,Conservative
SHP0230,V031,Frozen,107.0,53.5,107.0,22.47,0.7959,0.17851676972281444,0.15614449182658136,0.14661602345415775,0.14663690120824446,Eco-Friendly
SHP0231,V087,Frozen,264.0,132.0,264.0,55.44,0.85,0.3333102345415778,0.4937633262260127,0.5627878464818762,0.5628784648187632,Conservative
SHP0232,V092,Chilled,304.0,152.0,304.0,63.839999999999996,9.999999999998899e-05,0.8909581236673774,0.795701723525231,0.7551872281449893,0.7552956147832266,Eco-Friendly
SHP0233,V023,Frozen,90.0,60.0,106.0,22.259999999999998,0.7517,0.2100940724946695,0.17537457356076758,0.15460078891257992,0.15253788912579958,Speed-First
SHP0234,V023,Chilled,307.0,153.5,307.0,64.47,0.9167,0.3445762153518124,0.5732614783226723,0.6715829317697226,0.6716926510305614,Conservative
SHP0235,V090,Frozen,254.0,157.0,301.0,63.21,0.8444,0.3866036034115138,0.5875895877754087,0.6685050959488272,0.6666776261549396,Conservative
SHP0236,V085,Chilled,126.0,63.0,126.0,26.459999999999997,0.0,0.6787180170575693,0.39761460554371,0.27722547974413647,0.2772547974413646,Eco-Friendly
SHP0237,V007,Chilled,83.0,41.5,83.0,17.43,0.48240000000000005,0.3379920362473347,0.18084145344705044,0.11352039445628997,0.11353061122956645,Eco-Friendly
SHP0238,V033,Chilled,66.0,33.0,66.0,13.86,0.00019999999999997797,0.6070361833688699,0.26336950959488276,0.11609140724946695,0.11609407249466952,Eco-Friendly
SHP0239,V091,Chilled,174.0,87.0,174.0,36.54,0.8331,0.23610748400852882,0.2966956823027719,0.322806737739872,0.3228573773987206,Conservative
SHP0240,V085,Frozen,108.0,54.0,108.0,22.68,0.04300000000000004,0.6314494669509594,0.3466060767590618,0.2245912579957356,0.2246125799573561,Eco-Friendly
SHP0241,V079,Frozen,257.0,128.5,257.0,53.97,0.0012999999999999678,0.8341813539445628,0.6902822316986496,0.6288612046908315,0.6289487135749822,Eco-Friendly
SHP0242,V091,Frozen,65.0,32.5,65.0,13.65,0.8177,0.11534348614072495,0.05675792466240228,0.03165617270788913,0.03165839374555793,Eco-Friendly
SHP0243,V080,Chilled,313.0,156.5,313.0,65.73,0.012900000000000023,0.8940123987206823,0.8126309879175551,0.7780743390191897,0.7781867235252309,Eco-Friendly
SHP0244,V059,Frozen,183.0,106.5,193.0,40.53,0.5412,0.44283730277185496,0.4270467484008529,0.4119447654584222,0.40902765458422174,Speed-First
SHP0245,V090,Chilled,174.0,87.0,174.0,36.54,0.7341,0.2955074840085288,0.3214456823027719,0.332706737739872,0.33275737739872063,Conservative
SHP0246,V010,Chilled,180.0,92.0,180.0,37.8,0.8183,0.25392938166311296,0.316791382373845,0.34218385927505324,0.34164192608386634,Conservative
SHP0247,V062,Frozen,353.0,191.5,388.0,81.48,0.7463,0.5411925479744136,0.7933046197583511,0.9038947867803838,0.9047845344705047,Conservative
SHP0248,V005,Frozen,221.0,125.5,246.0,51.66,0.8005,0.3437738272921108,0.4696000355366027,0.5216357675906182,0.52097434257285,Conservative
SHP0249,V057,Chilled,69.0,49.5,120.0,25.2,0.046599999999999975,0.6342268336886994,0.3569200959488273,0.2470790724946695,0.25023072494669507,Eco-Friendly
SHP0250,V087,Chilled,345.0,172.5,345.0,72.45,0.9107,0.393498710021322,0.6597517057569297,0.7742218443496801,0.7743484434968017,Conservative
SHP0251,V035,Frozen,215.0,107.5,215.0,45.15,0.7908999999999999,0.31032807036247334,0.3989456645344705,0.4371213539445628,0.4371902061122956,Conservative
SHP0252,V012,Chilled,293.0,146.5,293.0,61.53,9.999999999998899e-05,0.8778384541577826,0.771099289267946,0.7256496481876333,0.7257531485429993,Eco-Friendly
SHP0253,V045,Frozen,292.0,161.0,340.0,71.39999999999999,0.8772,0.3995995095948827,0.6435509239516701,0.7561099573560766,0.7589129068941008,Conservative
SHP0254,V082,Frozen,302.0,151.0,302.0,63.419999999999995,0.7527,0.43701272921108736,0.6030785536602701,0.6745567590618337,0.6746642572850035,Conservative
SHP0255,V057,Frozen,173.0,101.5,186.0,39.059999999999995,0.7117,0.33084913646055436,0.3665335110163468,0.3747588379530916,0.3722850461975835,Conservative
SHP0256,V022,Chilled,209.0,104.5,209.0,43.89,0.0,0.7777118869936034,0.5832511549395878,0.5000999466950959,0.5001661336176261,Eco-Friendly
SHP0257,V021,Frozen,83.0,56.5,112.0,23.52,0.787,0.19026668443496797,0.17029646410803126,0.16137862473347547,0.16125291400142144,Speed-First
SHP0258,V087,Frozen,269.0,134.5,269.0,56.489999999999995,0.8645,0.33057372068230273,0.5013212508884151,0.5747640191897653,0.5748568585643211,Conservative
SHP0259,V021,Frozen,156.0,78.0,156.0,32.76,0.7545,0.261798933901919,0.27608715351812363,0.2823325159914712,0.2823751599147122,Conservative
SHP0260,V005,Chilled,157.0,78.5,157.0,32.97,0.7504,0.265451631130064,0.2793487384506041,0.285427750533049,0.2854708386638237,Conservative
SHP0261,V065,Chilled,123.0,61.5,123.0,25.83,0.7399,0.23119992537313433,0.20592985074626866,0.195179776119403,0.19520776119402986,Eco-Friendly
SHP0262,V034,Chilled,315.0,172.5,327.0,68.67,0.8986,0.3873258742004264,0.6359110341151386,0.7351333368869936,0.7325733688699361,Conservative
SHP0263,V071,Frozen,343.0,186.5,382.0,80.22,0.023299999999999987,0.9660506503198294,0.9576589196872779,0.9582976652452025,0.959779985785359,Balanced
SHP0264,V004,Frozen,320.0,160.0,320.0,67.2,0.0,0.9101012793176972,0.8315120824449183,0.7981609808102345,0.7982764747690121,Eco-Friendly
SHP0265,V037,Frozen,125.0,62.5,125.0,26.25,0.007000000000000006,0.6733253198294243,0.3936280206112296,0.2738402452025586,0.27386911869225306,Eco-Friendly
SHP0266,V058,Frozen,224.0,114.0,224.0,47.04,0.9121,0.2501280597014925,0.391751119402985,0.4509541791044776,0.4504317910447761,Conservative
SHP0267,V072,Chilled,187.0,93.5,187.0,39.269999999999996,0.9113,0.2046925479744136,0.3062212864250177,0.3498947867803837,0.3499512011371712,Conservative
SHP0268,V001,Chilled,291.0,145.5,291.0,61.11,0.026499999999999968,0.8596130597014925,0.760026119402985,0.7176391791044776,0.7177417910447762,Eco-Friendly
SHP0269,V024,Frozen,322.0,176.0,332.0,69.72,0.7052,0.5102222174840084,0.6969320540156361,0.7687923667377398,0.765937000710732,Conservative
SHP0270,V070,Frozen,343.0,171.5,343.0,72.03,0.8996999999999999,0.397713315565032,0.6580285358919686,0.7699513752665245,0.7700770859985784,Conservative
SHP0271,V086,Chilled,236.0,120.0,236.0,49.559999999999995,0.9478,0.24302042643923238,0.4096651385927505,0.4796069936034114,0.47908993603411504,Conservative
SHP0272,V020,Chilled,225.0,112.5,225.0,47.25,0.7377,0.3541750426439232,0.434611513859275,0.46929369936034104,0.46936699360341144,Conservative
SHP0273,V032,Frozen,358.0,179.0,358.0,75.17999999999999,0.9038,0.4131437739872068,0.6905523098791755,0.8098198933901918,0.8099522672352522,Conservative
SHP0274,V006,Chilled,333.0,181.5,358.0,75.17999999999999,0.8803,0.42947591684434966,0.7001475479744136,0.8144020362473346,0.8137903624733475,Conservative
SHP0275,V096,Frozen,114.0,57.0,114.0,23.939999999999998,0.006199999999999983,0.6606856503198295,0.36922558635394453,0.24438266524520252,0.24440665245202559,Eco-Friendly
SHP0276,V057,Frozen,88.0,59.0,104.0,21.84,0.00880000000000003,0.6534486780383795,0.35662640369580667,0.2235203198294243,0.2214565316275764,Speed-First
SHP0277,V031,Frozen,188.0,109.0,220.0,46.199999999999996,0.0017000000000000348,0.7889186993603411,0.6059404939587775,0.5285746695095948,0.5289433617626155,Eco-Friendly
SHP0278,V087,Frozen,211.0,105.5,211.0,44.309999999999995,0.5428,0.45441728144989335,0.4520243248045487,0.4511904157782516,0.45125749111584934,Eco-Friendly
SHP0279,V095,Frozen,291.0,145.5,291.0,61.11,0.1562,0.7817930597014925,0.727601119402985,0.7046691791044776,0.7047717910447762,Eco-Friendly
SHP0280,V001,Chilled,347.0,173.5,347.0,72.86999999999999,0.03400000000000003,0.921904104477612,0.8833998756218904,0.8672623134328357,0.8673898009950249,Eco-Friendly
SHP0281,V062,Frozen,321.0,160.5,321.0,67.41,0.005700000000000038,0.9078739765458422,0.8323236673773987,0.8002762153518123,0.8003921535181237,Eco-Friendly
SHP0282,V054,Chilled,273.0,136.5,273.0,57.33,0.867,0.3338445095948827,0.5096425906183368,0.5852549573560767,0.5853495735607676,Conservative
SHP0283,V005,Chilled,188.0,96.0,188.0,39.48,0.8929,0.2187109594882729,0.31603406183368865,0.3562057356076758,0.35566735607675903,Conservative
SHP0284,V052,Frozen,175.0,102.5,233.0,48.93,0.8002,0.31371662046908316,0.4160458599857853,0.47202557569296366,0.4762690902629709,Conservative
SHP0285,V019,Frozen,160.0,80.0,160.0,33.6,0.6202,0.34714972281449896,0.3186084932480455,0.3065034541577825,0.3065478749111585,Eco-Friendly
SHP0286,V070,Chilled,98.0,49.0,98.0,20.58,0.0032999999999999696,0.6433424946695095,0.33416522743425725,0.20170891257995732,0.20172579246624023,Eco-Friendly
SHP0287,V037,Chilled,80.0,40.0,80.0,16.8,0.7408,0.1793739445628998,0.1095316986496091,0.0796246908315565,0.0796335749822317,Eco-Friendly
SHP0288,V092,Chilled,126.0,78.0,148.0,31.08,0.0,0.7085287846481876,0.452771855010661,0.33987206823027716,0.33872068230277186,Speed-First
SHP0289,V001,Chilled,229.0,116.5,229.0,48.089999999999996,0.015900000000000025,0.7938115458422175,0.6269840440653873,0.5540003518123666,0.5534801847903339,Speed-First
SHP0290,V045,Chilled,225.0,112.5,225.0,47.25,0.783,0.3269950426439232,0.42328651385927496,0.46476369936034106,0.46483699360341146,Conservative
SHP0291,V090,Chilled,214.0,109.0,214.0,44.94,0.9426,0.21990108742004263,0.36176027007818046,0.42105183368869936,0.42052500355366024,Conservative
SHP0292,V079,Chilled,97.0,48.5,97.0,20.37,0.005499999999999949,0.6408297974413646,0.33137864250177684,0.19880367803837956,0.19882011371712865,Eco-Friendly
SHP0293,V098,Chilled,326.0,165.0,326.0,68.46,0.9431,0.35318317697228135,0.6121327825159915,0.7217481023454156,0.7212710234541577,Conservative
SHP0294,V037,Chilled,338.0,184.0,394.0,82.74,0.9433,0.4207737313432835,0.7418491293532339,0.8909311940298507,0.894948606965174,Conservative
SHP0295,V021,Chilled,173.0,86.5,173.0,36.33,0.7533,0.28279478678038383,0.31440909737029143,0.32810150319829423,0.3281516986496091,Conservative
SHP0296,V026,Chilled,210.0,105.0,210.0,44.1,0.6821999999999999,0.36958458422174845,0.4149377398720683,0.4345651812366738,0.4346318123667378,Conservative
SHP0297,V100,Frozen,347.0,190.5,363.0,76.23,0.8857,0.438002974413646,0.719653091684435,0.8330917803837952,0.830547803837953,Conservative
SHP0298,V093,Chilled,288.0,144.0,288.0,60.48,0.9299,0.3139949680170576,0.5274663646055437,0.619243475479744,0.6193447547974412,Conservative
SHP0299,V004,Frozen,80.0,40.0,80.0,16.8,0.39170000000000005,0.38883394456289977,0.1968066986496091,0.1145346908315565,0.1145435749822317,Eco-Friendly
SHP0300,V065,Frozen,191.0,95.5,191.0,40.11,0.09050000000000002,0.7019433368869936,0.5203676261549396,0.4427157249466951,0.4427739161336176,Eco-Friendly
SHP0301,V032,Chilled,324.0,162.0,324.0,68.03999999999999,0.8005,0.43457206823027716,0.64033342217484,0.7288519189765458,0.7289691897654584,Conservative
SHP0302,V064,Frozen,309.0,169.5,344.0,72.24,0.024900000000000033,0.9215538699360339,0.875244882729211,0.8578844669509593,0.8587546695095948,Eco-Friendly
SHP0303,V035,Chilled,224.0,112.0,224.0,47.04,0.025499999999999967,0.7803023454157783,0.6104249289267946,0.5378284648187632,0.5379013148542999,Eco-Friendly
SHP0304,V063,Chilled,335.0,167.5,335.0,70.35,0.8263,0.432211737739872,0.658485856432125,0.7558094989339018,0.7559316560056859,Conservative
SHP0305,V019,Frozen,167.0,83.5,167.0,35.07,0.0031999999999999806,0.7256986034115138,0.4885145877754087,0.3870000959488272,0.38704762615493954,Eco-Friendly
SHP0306,V083,Frozen,335.0,182.5,391.0,82.11,9.999999999998899e-05,0.9831156396588486,0.9709393745557924,0.9771954904051173,0.9812115707178394,Balanced
SHP0307,V046,Chilled,138.0,69.0,138.0,28.98,0.8797,0.16521038379530914,0.20452862473347547,0.22147829424307036,0.2215129424307036,Conservative
SHP0308,V007,Chilled,79.0,54.5,101.0,21.21,0.008600000000000052,0.647312014925373,0.34550236318407956,0.21280604477611942,0.21163378109452738,Speed-First
SHP0309,V075,Frozen,188.0,94.0,188.0,39.48,9.999999999998899e-05,0.7526052452025587,0.5362578713574981,0.44370002132196157,0.4437568798862829,Eco-Friendly
SHP0310,V011,Chilled,176.0,88.0,176.0,36.96,0.00539999999999996,0.7351128784648187,0.5080938521677327,0.41094720682302766,0.4109987348969439,Eco-Friendly
SHP0311,V041,Chilled,267.0,133.5,267.0,56.07,0.7968,0.36880832622601284,0.5137730810234542,0.5761635501066098,0.5762555010660981,Conservative
SHP0312,V028,Chilled,120.0,60.0,120.0,25.2,0.0017000000000000348,0.6705418336886994,0.3837700959488273,0.2609440724946695,0.26097072494669504,Eco-Friendly
SHP0313,V056,Chilled,92.0,61.0,146.0,30.66,0.8518,0.18077767590618338,0.21153916133617626,0.23503588486140725,0.23864551528073913,Conservative
SHP0314,V082,Frozen,97.0,48.5,97.0,20.37,0.0013999999999999568,0.6432897974413646,0.33240364250177684,0.19921367803837953,0.19923011371712865,Eco-Friendly
SHP0315,V056,Chilled,214.0,107.0,214.0,44.94,0.022299999999999986,0.7702953731343284,0.58885907960199,0.511296119402985,0.511364527363184,Eco-Friendly
SHP0316,V054,Chilled,284.0,142.0,284.0,59.64,0.8878,0.3344841791044776,0.5290450248756219,0.6127125373134328,0.612812039800995,Conservative
SHP0317,V050,Frozen,333.0,181.5,378.0,79.38,0.006399999999999961,0.968741289978678,0.9484732942430703,0.9465681556503198,0.9489415565031983,Eco-Friendly
SHP0318,V001,Chilled,339.0,184.5,385.0,80.85,0.005099999999999993,0.9774237420042644,0.9637103411513859,0.965048368869936,0.9675736886993603,Balanced
SHP0319,V092,Chilled,251.0,125.5,251.0,52.71,0.0,0.8278051705756929,0.6771877221037669,0.6128797974413646,0.6129646410803127,Eco-Friendly
SHP0320,V016,Chilled,123.0,63.5,123.0,25.83,0.01759999999999995,0.6663656396588485,0.38948104122245913,0.26919549040511725,0.26862823738450603,Speed-First
SHP0321,V085,Chilled,335.0,167.5,335.0,70.35,0.9357,0.366571737739872,0.631135856432125,0.7448694989339019,0.744991656005686,Conservative
SHP0322,V047,Frozen,236.0,118.0,236.0,49.559999999999995,0.8267,0.3138947121535181,0.43696394811656003,0.48993127931769714,0.49000945984363886,Conservative
SHP0323,V019,Frozen,322.0,161.0,322.0,67.62,0.0,0.9124866737739872,0.8359852523098792,0.8035314498933902,0.8036478322672351,Eco-Friendly
SHP0324,V010,Chilled,189.0,94.5,189.0,39.69,0.7296,0.31609794243070355,0.35611945628997865,0.3734352558635394,0.3734925586353944,Conservative
SHP0325,V028,Frozen,350.0,175.0,350.0,73.5,0.0,0.9458821961620469,0.8986096304193318,0.8787180170575691,0.8788468372423596,Eco-Friendly
SHP0326,V099,Frozen,341.0,170.5,341.0,71.61,0.16259999999999997,0.837587921108742,0.8378303660270078,0.8382909061833689,0.8384157285003554,Conservative
SHP0327,V022,Chilled,188.0,109.0,228.0,47.879999999999995,0.6815,0.3870088486140725,0.4479307924662402,0.4785051172707888,0.4800678393745557,Conservative
SHP0328,V033,Frozen,309.0,154.5,309.0,64.89,0.0938,0.8407016098081024,0.7834596481876333,0.7592434008528784,0.7593540085287847,Eco-Friendly
SHP0329,V071,Frozen,180.0,90.0,180.0,37.8,0.0,0.7431236673773987,0.5183901918976546,0.4222281449893389,0.4222814498933901,Eco-Friendly
SHP0330,V097,Frozen,159.0,79.5,159.0,33.39,0.7557,0.2646570255863539,0.282496908315565,0.2902682196162047,0.2903121961620469,Conservative
SHP0331,V010,Chilled,216.0,138.0,299.0,62.79,0.01629999999999998,0.8650067803837953,0.7633557036247334,0.729873198294243,0.7334019829424308,Eco-Friendly
SHP0332,V080,Frozen,246.0,123.0,246.0,51.66,0.008000000000000007,0.8170416844349679,0.6640047974413645,0.5986536247334754,0.5987362473347548,Eco-Friendly
SHP0333,V030,Chilled,220.0,125.0,263.0,55.23,0.8768,0.31023396588486135,0.4751541222459133,0.551619040511727,0.5536437384506041,Conservative
SHP0334,V046,Chilled,244.0,122.0,244.0,51.239999999999995,0.019299999999999984,0.807876289978678,0.6567066275764037,0.5921531556503198,0.5922348898365316,Eco-Friendly
SHP0335,V034,Frozen,288.0,159.0,338.0,70.98,0.8674,0.40220125799573564,0.6400396588486141,0.750826631130064,0.7539263113006396,Conservative
SHP0336,V050,Chilled,115.0,57.5,115.0,24.15,0.0,0.6655983475479744,0.373012171286425,0.24768789978678038,0.24771233120113717,Eco-Friendly
SHP0337,V064,Frozen,203.0,101.5,203.0,42.629999999999995,0.4831,0.48069570362473346,0.449056645344705,0.43567853944562895,0.43574206112295666,Eco-Friendly
SHP0338,V036,Chilled,99.0,49.5,99.0,20.79,0.7033,0.22453519189765456,0.16140181236673773,0.13439414712153516,0.1344114712153518,Eco-Friendly
SHP0339,V061,Chilled,75.0,52.5,98.0,20.58,0.0,0.6484474946695096,0.3401985607675906,0.20516391257995734,0.20413912579957358,Speed-First
SHP0340,V093,Frozen,78.0,39.0,78.0,16.38,0.08609999999999995,0.5698085501066098,0.2687335287846482,0.13972422174840085,0.13973221748400855,Eco-Friendly
SHP0341,V018,Chilled,336.0,183.0,349.0,73.28999999999999,0.05740000000000001,0.9178387846481876,0.8946718550106609,0.877882068230277,0.8754806823027719,Speed-First
SHP0342,V085,Frozen,174.0,87.0,174.0,36.54,0.6786,0.32880748400852877,0.3353206823027719,0.338256737739872,0.33830737739872063,Conservative
SHP0343,V051,Chilled,316.0,158.0,316.0,66.36,0.919,0.35393049040511726,0.5928157427149964,0.6955200426439232,0.6956337597725657,Conservative
SHP0344,V075,Chilled,317.0,173.5,338.0,70.98,0.00019999999999997797,0.9354676865671641,0.8784170398009951,0.8504930597014924,0.849277263681592,Speed-First
SHP0345,V070,Frozen,144.0,72.0,144.0,30.24,0.6481,0.31132656716417906,0.2758481343283582,0.2607497014925373,0.2607870149253731,Eco-Friendly
SHP0346,V023,Chilled,151.0,90.5,164.0,34.44,0.5674,0.39118979744136456,0.3534036425017768,0.3301136780383795,0.32763011371712863,Speed-First
SHP0347,V097,Frozen,307.0,168.5,351.0,73.71,0.8502000000000001,0.43070489339019186,0.6778795486851457,0.790133251599147,0.7923458493248046,Conservative
SHP0348,V035,Frozen,309.0,154.5,309.0,64.89,0.7239,0.4626416098081023,0.6259346481876332,0.6962334008528784,0.6963440085287846,Conservative
SHP0349,V082,Frozen,179.0,89.5,179.0,37.589999999999996,0.008199999999999985,0.7370109701492537,0.5141036069651741,0.4187229104477611,0.41877577114427855,Eco-Friendly
SHP0350,V093,Chilled,244.0,122.0,244.0,51.239999999999995,0.7383,0.376476289978678,0.4769566275764037,0.5202531556503197,0.5203348898365316,Conservative
SHP0351,V099,Frozen,83.0,41.5,83.0,17.43,0.007499999999999951,0.6229320362473347,0.29956645344705046,0.16101039445628998,0.16102061122956646,Eco-Friendly
SHP0352,V086,Chilled,326.0,163.0,326.0,68.46,0.0,0.917257462686567,0.8449315920398008,0.8142723880597014,0.8143905472636814,Eco-Friendly
SHP0353,V012,Chilled,149.0,74.5,149.0,31.29,0.8388,0.20287005330490404,0.23935605899076046,0.2551058742004264,0.2551454086709311,Conservative
SHP0354,V042,Chilled,99.0,49.5,99.0,20.79,0.7181,0.21565519189765459,0.15770181236673775,0.13291414712153518,0.13293147121535182,Eco-Friendly
SHP0355,V086,Chilled,174.0,87.0,174.0,36.54,0.010600000000000054,0.7296074840085287,0.5023206823027718,0.40505673773987205,0.4051073773987206,Eco-Friendly
SHP0356,V100,Frozen,236.0,148.0,280.0,58.8,0.7921,0.39427624733475475,0.5559284470504618,0.6186844562899786,0.6164012295664534,Conservative
SHP0357,V039,Chilled,131.0,65.5,131.0,27.509999999999998,0.8026,0.20312150319829425,0.2081475302061123,0.21039165245202554,0.21042319118692251,Conservative
SHP0358,V072,Frozen,323.0,176.5,379.0,79.59,0.007499999999999951,0.9643632729211088,0.9422503553660271,0.9442326759061834,0.9482434257285004,Balanced
SHP0359,V081,Frozen,140.0,72.0,140.0,29.4,0.6036,0.3350414925373134,0.28100298507462684,0.25624447761194025,0.25568477611940293,Speed-First
SHP0360,V008,Chilled,120.0,60.0,120.0,25.2,0.6431,0.28570183368869934,0.22342009594882728,0.1968040724946695,0.19683072494669507,Eco-Friendly
SHP0361,V098,Frozen,118.0,59.0,118.0,24.779999999999998,0.7474000000000001,0.22073643923240932,0.19287192608386636,0.18100360341151384,0.18102936744847195,Eco-Friendly
SHP0362,V036,Chilled,270.0,135.0,270.0,56.699999999999996,0.9284,0.29342641791044777,0.48758283582089545,0.5710592537313433,0.5711525373134327,Conservative
SHP0363,V060,Chilled,353.0,176.5,353.0,74.13,0.8309,0.45092028784648186,0.6975943852167732,0.8036837206823026,0.8038138734896944,Conservative
SHP0364,V020,Chilled,322.0,161.0,322.0,67.62,0.8974,0.3740466737739872,0.6116352523098791,0.7137914498933903,0.7139078322672352,Conservative
SHP0365,V008,Chilled,145.0,72.5,145.0,30.45,0.7923,0.2259992643923241,0.2420347192608387,0.24901493603411518,0.24905269367448474,Conservative
SHP0366,V093,Frozen,348.0,174.0,348.0,73.08,0.7213,0.5107168017057568,0.7138114605543711,0.8012175479744136,0.8013454797441364,Conservative
SHP0367,V061,Frozen,289.0,144.5,289.0,60.69,0.008199999999999985,0.8682076652452024,0.7601279495380241,0.7140987100213219,0.7142004335465528,Eco-Friendly
SHP0368,V080,Frozen,172.0,86.0,172.0,36.12,0.6780999999999999,0.3267220895522388,0.33097251243781095,0.3329362686567164,0.3329860199004975,Conservative
SHP0369,V039,Frozen,358.0,194.0,370.0,77.7,0.7499,0.527831855010661,0.7692591862117981,0.8654684221748401,0.8629275550817341,Conservative
SHP0370,V011,Chilled,195.0,127.5,272.0,57.12,0.7905,0.370962526652452,0.5138821961620469,0.5826304371002132,0.5852543710021322,Conservative
SHP0371,V075,Frozen,95.0,47.5,95.0,19.95,0.6655,0.24244440298507464,0.16190547263681593,0.12743320895522386,0.12744875621890547,Eco-Friendly
SHP0372,V026,Chilled,115.0,59.5,115.0,24.15,0.7336,0.22722406183368868,0.19258836176261546,0.17611361407249465,0.17554280739161335,Speed-First
SHP0373,V060,Frozen,318.0,159.0,318.0,66.78,0.02210000000000001,0.8944558848614071,0.8215139125799573,0.7905805117270788,0.7906951172707888,Eco-Friendly
SHP0374,V095,Chilled,150.0,75.0,150.0,31.5,0.042200000000000015,0.682022750533049,0.4407426439232409,0.33745110874200424,0.33749108742004263,Eco-Friendly
SHP0375,V005,Frozen,332.0,166.0,332.0,69.72,0.6818,0.5153336460554371,0.6879011016346837,0.7622037953091683,0.7623246197583511,Conservative
SHP0376,V018,Chilled,126.0,63.0,126.0,26.459999999999997,0.0027000000000000357,0.6770980170575692,0.39693960554371,0.2769554797441364,0.2769847974413646,Eco-Friendly
SHP0377,V050,Frozen,280.0,140.0,280.0,58.8,0.6828000000000001,0.4527133901918976,0.5713486851457,0.6224715991471215,0.6225693248045486,Conservative
SHP0378,V098,Chilled,82.0,41.0,82.0,17.22,0.5710999999999999,0.28357933901918975,0.15642986851457003,0.10196515991471215,0.10197493248045486,Eco-Friendly
SHP0379,V006,Frozen,306.0,168.0,340.0,71.39999999999999,0.7191000000000001,0.5007095095948826,0.6934925906183368,0.7781699573560765,0.7788895735607675,Conservative
SHP0380,V058,Chilled,354.0,177.0,354.0,74.34,0.8791,0.4231929850746268,0.6877809701492537,0.8015489552238807,0.8016795522388059,Conservative
SHP0381,V045,Chilled,304.0,152.0,304.0,63.839999999999996,9.999999999998899e-05,0.8909581236673774,0.795701723525231,0.7551872281449893,0.7552956147832266,Eco-Friendly
SHP0382,V092,Chilled,338.0,169.0,338.0,70.98,0.8479,0.422829829424307,0.6597956112295664,0.7617052025586353,0.7618286922530206,Conservative
SHP0383,V096,Chilled,63.0,46.5,122.0,25.619999999999997,0.9464,0.09316079957356074,0.13049088486140722,0.15889811300639656,0.16324113006396587,Conservative
SHP0384,V098,Frozen,63.0,46.5,99.0,20.79,0.0041999999999999815,0.6413166204690832,0.331712526652452,0.20162557569296374,0.20253575692963752,Eco-Friendly
SHP0385,V057,Frozen,221.0,140.5,266.0,55.86,0.014000000000000012,0.8439920575692964,0.718397210376688,0.6584547441364605,0.6563141080312722,Speed-First
SHP0386,V096,Chilled,278.0,141.0,278.0,58.379999999999995,0.9226,0.30823371002132194,0.5099017057569296,0.59490684434968,0.5944084434968017,Conservative
SHP0387,V033,Chilled,334.0,167.0,334.0,70.14,0.9336,0.366639040511727,0.6294242714996445,0.742394264392324,0.7425159772565743,Conservative
SHP0388,V087,Frozen,201.0,100.5,201.0,42.21,0.013399999999999967,0.7601303091684435,0.5620084754797442,0.47727807036247333,0.47734070362473346,Eco-Friendly
SHP0389,V020,Frozen,345.0,187.5,378.0,79.38,0.08420000000000005,0.9274184328358208,0.9379518656716418,0.9441452985074626,0.9447329850746269,Conservative
SHP0390,V085,Frozen,344.0,172.0,344.0,72.24,0.8559,0.42518601279317697,0.6712151208244491,0.7770166098081022,0.7771427647476901,Conservative
SHP0391,V079,Chilled,236.0,118.0,236.0,49.559999999999995,0.03939999999999999,0.7862747121535181,0.6337889481165601,0.5686612793176972,0.5687394598436388,Eco-Friendly
SHP0392,V033,Frozen,177.0,88.5,177.0,37.17,0.7494000000000001,0.2899055756929637,0.3243304371002132,0.3392324413646055,0.3392844136460554,Conservative
SHP0393,V008,Chilled,320.0,160.0,320.0,67.2,0.8467,0.40208127931769727,0.6198370824449182,0.7134909808102344,0.7136064747690121,Conservative
SHP0394,V065,Chilled,86.0,58.0,121.0,25.41,0.00880000000000003,0.6652423880597014,0.38051144278606963,0.2606871641791045,0.26145830845771145,Eco-Friendly
SHP0395,V053,Frozen,106.0,53.0,106.0,22.259999999999998,0.7258,0.2193840724946695,0.17143290689410093,0.15094078891257995,0.1509612224591329,Eco-Friendly
SHP0396,V046,Frozen,105.0,67.5,144.0,30.24,0.0047000000000000375,0.6933487100213219,0.43000170575692964,0.32107184434968017,0.3224484434968017,Eco-Friendly
SHP0397,V082,Frozen,100.0,65.0,114.0,23.939999999999998,0.6466000000000001,0.2835885074626865,0.22103034825870643,0.18748552238805966,0.18512855721393034,Speed-First
SHP0398,V092,Chilled,265.0,132.5,265.0,55.65,0.1119,0.7773629317697228,0.6805249111584932,0.639283081023454,0.6393741435678748,Eco-Friendly
SHP0399,V096,Frozen,89.0,46.5,89.0,18.689999999999998,0.6616,0.239413933901919,0.15243715351812365,0.1134975159914712,0.11291515991471215,Speed-First
SHP0400,V031,Chilled,163.0,81.5,163.0,34.23,9.999999999998899e-05,0.7227878144989339,0.48034324804548684,0.376569157782516,0.37661491115849327,Eco-Friendly
SHP0401,V063,Chilled,321.0,175.5,361.0,75.81,0.8778,0.4278575799573561,0.6963215884861407,0.8160113113006396,0.8176331130063966,Conservative
SHP0402,V080,Chilled,78.0,69.0,167.0,35.07,0.854,0.2022721748400853,0.25423720682302775,0.2889736673773987,0.2933366737739872,Conservative
SHP0403,V054,Frozen,140.0,70.0,140.0,29.4,0.7984,0.21637577825159915,0.22932679459843636,0.23497876332622597,0.23501429992892678,Conservative
SHP0404,V024,Frozen,262.0,146.0,321.0,67.41,0.8734,0.3743075479744137,0.5938212864250176,0.7005597867803837,0.7049912011371713,Conservative
SHP0405,V034,Chilled,67.0,33.5,67.0,14.07,0.6975,0.18984888059701494,0.09128109452736319,0.04904664179104478,0.049049751243781095,Eco-Friendly
SHP0406,V050,Chilled,346.0,173.0,346.0,72.66,0.8544,0.42847140724946686,0.6760632906894101,0.7825370788912579,0.7826641222459133,Conservative
SHP0407,V062,Frozen,201.0,100.5,201.0,42.21,0.0048000000000000265,0.7652903091684435,0.5641584754797442,0.4781380703624733,0.47820070362473344,Eco-Friendly
SHP0408,V062,Frozen,266.0,133.0,266.0,55.86,0.039100000000000024,0.8222356289978677,0.7009614960909737,0.6492483155650319,0.6493398223169865,Eco-Friendly
SHP0409,V041,Frozen,268.0,134.0,268.0,56.28,0.8218,0.3550010234541578,0.5097596659559346,0.5763487846481876,0.5764411798152096,Conservative
SHP0410,V045,Chilled,317.0,158.5,317.0,66.57,0.0032999999999999696,0.9045431876332622,0.8239773276474769,0.789775277185501,0.7898894385216774,Eco-Friendly
SHP0411,V059,Frozen,322.0,178.0,334.0,70.14,0.0030999999999999917,0.9347604690831557,0.8784183191186923,0.8452656929637525,0.8421135963041932,Speed-First
SHP0412,V016,Frozen,286.0,145.0,286.0,60.059999999999995,0.8788,0.34405528784648187,0.5387443852167733,0.6207687206823027,0.6202738734896943,Conservative
SHP0413,V096,Chilled,184.0,92.0,184.0,38.64,0.7505999999999999,0.2975344562899787,0.33968653162757645,0.35790908315565034,0.3579641648898365,Conservative
SHP0414,V007,Chilled,360.0,195.0,382.0,80.22,0.9266,0.4316599360341152,0.7444827292110874,0.8755569509594883,0.8745095095948827,Conservative
SHP0415,V021,Frozen,94.0,47.0,94.0,19.74,0.5961000000000001,0.28289170575692957,0.17701888770433544,0.13168797441364605,0.13170307746979387,Eco-Friendly
SHP0416,V080,Frozen,177.0,90.5,177.0,37.17,0.7585999999999999,0.286171289978678,0.3250066275764037,0.3400981556503198,0.3395548898365316,Conservative
SHP0417,V016,Chilled,334.0,167.0,334.0,70.14,0.010299999999999976,0.920619040511727,0.8602492714996446,0.8347242643923241,0.8348459772565743,Eco-Friendly
SHP0418,V040,Frozen,107.0,68.5,126.0,26.459999999999997,0.007199999999999984,0.6793087313432835,0.4039991293532338,0.28141619402985074,0.2798086069651741,Speed-First
SHP0419,V047,Chilled,151.0,75.5,151.0,31.709999999999997,0.0020000000000000018,0.707335447761194,0.4530292288557214,0.3441563432835821,0.3441967661691542,Eco-Friendly
SHP0420,V034,Frozen,353.0,176.5,353.0,74.13,0.7393000000000001,0.5058802878464819,0.7204943852167732,0.8128437206823027,0.8129738734896944,Conservative
SHP0421,V046,Frozen,157.0,93.5,181.0,38.01,9.999999999998899e-05,0.7469349360341151,0.5250660625444208,0.42758195095948826,0.426742842928216,Speed-First
SHP0422,V017,Frozen,183.0,93.5,183.0,38.43,0.8779,0.22174747334754794,0.30860113717128645,0.34427956289978673,0.3437389623312011,Conservative
SHP0423,V031,Frozen,187.0,93.5,187.0,39.269999999999996,0.7274,0.3150325479744136,0.3521962864250177,0.36828478678038373,0.3683412011371712,Conservative
SHP0424,V012,Chilled,114.0,57.0,114.0,23.939999999999998,0.007000000000000006,0.6602056503198295,0.36902558635394456,0.24430266524520253,0.24432665245202556,Eco-Friendly
SHP0425,V019,Chilled,337.0,168.5,337.0,70.77,0.894,0.39397713219616204,0.646034026297086,0.7544099680170575,0.754533013503909,Conservative
SHP0426,V016,Chilled,221.0,110.5,221.0,46.41,0.00029999999999996696,0.7918442537313433,0.6100151741293531,0.5322927611940298,0.5323642786069651,Eco-Friendly
SHP0427,V018,Chilled,153.0,78.5,153.0,32.129999999999995,0.0008000000000000229,0.7122265565031982,0.46077858919687276,0.35143252665245195,0.3508785998578536,Speed-First
SHP0428,V028,Frozen,355.0,177.5,355.0,74.55,0.8983,0.4128656823027718,0.6852175550817341,0.8023141897654583,0.8024452309879175,Conservative
SHP0429,V043,Frozen,276.0,153.0,323.0,67.83,0.0007000000000000339,0.9056700852878465,0.8253980277185501,0.7985573987206823,0.801203987206823,Eco-Friendly
SHP0430,V051,Chilled,237.0,118.5,237.0,49.769999999999996,0.8965,0.2732074093816631,0.4217505330490404,0.48563651385927503,0.48571513859275056,Conservative
SHP0431,V032,Frozen,325.0,164.5,325.0,68.25,0.00039999999999995595,0.9176104797441365,0.845571197583511,0.8133328678038378,0.8128553447050462,Speed-First
SHP0432,V093,Chilled,66.0,35.0,66.0,13.86,0.6225,0.23544189765458418,0.11077070007107319,0.05564712153518123,0.0550545486851457,Speed-First
SHP0433,V022,Frozen,226.0,113.0,226.0,47.46,0.8269,0.30184773987206825,0.4145480987917555,0.463058933901919,0.4631326723525231,Conservative
SHP0434,V095,Chilled,340.0,185.0,355.0,74.55,9.999999999998899e-05,0.9584821108742004,0.9209282693674485,0.8988306183368869,0.8967295167022032,Speed-First
SHP0435,V091,Chilled,235.0,117.5,235.0,49.35,9.999999999998899e-05,0.8086620149253732,0.6413773631840796,0.5699060447761194,0.5699837810945273,Eco-Friendly
SHP0436,V060,Frozen,167.0,85.5,167.0,35.07,0.8704000000000001,0.2071643176972281,0.27469077825159915,0.3020658102345415,0.3015181023454157,Conservative
SHP0437,V043,Chilled,265.0,149.5,280.0,58.8,0.9176,0.32031553304904054,0.5267855899076048,0.6074737420042644,0.6047440867093106,Conservative
SHP0438,V030,Chilled,127.0,63.5,127.0,26.669999999999998,0.7787999999999999,0.2126307142857143,0.2051511904761905,0.20203071428571426,0.20206047619047618,Eco-Friendly
SHP0439,V075,Chilled,198.0,114.0,248.0,52.08,0.022599999999999953,0.8017385074626865,0.6499470149253732,0.5936355223880597,0.596695223880597,Eco-Friendly
SHP0440,V040,Frozen,255.0,142.5,286.0,60.059999999999995,0.7277,0.43248314498933893,0.5727991471215351,0.6336465778251598,0.633895778251599,Conservative
SHP0441,V097,Frozen,302.0,151.0,302.0,63.419999999999995,0.7611,0.4319727292110874,0.6009785536602701,0.6737167590618336,0.6738242572850034,Conservative
SHP0442,V083,Frozen,128.0,79.0,188.0,39.48,0.753,0.2874723880597015,0.32571144278606967,0.3550171641791044,0.3595383084577114,Conservative
SHP0443,V060,Frozen,188.0,94.0,188.0,39.48,0.7315,0.31376524520255855,0.3534078713574982,0.37056002132196153,0.37061687988628284,Conservative
SHP0444,V081,Chilled,110.0,55.0,110.0,23.099999999999998,0.8045,0.17693486140724946,0.16070424662402275,0.15381172707889124,0.15383393745557924,Eco-Friendly
SHP0445,V053,Frozen,190.0,95.0,190.0,39.9,0.6245,0.3803506396588485,0.3846310412224591,0.3866304904051172,0.3866882373845061,Conservative
SHP0446,V063,Frozen,231.0,115.5,231.0,48.51,0.021399999999999975,0.7911112260127932,0.6271060234541578,0.557035106609808,0.557111066098081,Eco-Friendly
SHP0447,V030,Chilled,345.0,172.5,345.0,72.45,0.0036000000000000476,0.9377587100213218,0.8865267057569296,0.8649318443496801,0.8650584434968016,Eco-Friendly
SHP0448,V037,Frozen,122.0,61.0,122.0,25.619999999999997,0.015199999999999991,0.6648272281449893,0.3848682658137882,0.2649645415778251,0.26499208244491823,Eco-Friendly
SHP0449,V063,Frozen,354.0,177.0,354.0,74.34,0.8222,0.45733298507462683,0.7020059701492537,0.8072389552238807,0.8073695522388059,Conservative
SHP0450,V059,Chilled,226.0,143.0,302.0,63.419999999999995,0.01849999999999996,0.8703898720682303,0.7747237917555081,0.7408339019189765,0.7433223525230988,Eco-Friendly
SHP0451,V061,Chilled,100.0,52.0,100.0,21.0,0.0021999999999999797,0.6481736034115139,0.3418895877754087,0.2089750959488273,0.20839762615493956,Speed-First
SHP0452,V064,Chilled,134.0,67.0,134.0,28.14,0.698,0.26945959488272925,0.24100728500355367,0.22890735607675908,0.22894022743425727,Eco-Friendly
SHP0453,V011,Chilled,352.0,178.0,352.0,73.92,0.11850000000000005,0.8789533049040511,0.8764339907604832,0.8740242004264391,0.873558670931059,Speed-First
SHP0454,V088,Frozen,235.0,162.5,335.0,70.35,0.6782,0.5166074520255863,0.6880703802416489,0.7661552132196161,0.7677654655294954,Conservative
SHP0455,V022,Frozen,209.0,119.5,240.0,50.4,0.7882,0.34131907249466953,0.45479124022743417,0.5040757889125799,0.5043045557924662,Conservative
SHP0456,V012,Chilled,198.0,99.0,198.0,41.58,0.8371,0.26233221748400853,0.34937372068230277,0.3868523667377399,0.38691366737739874,Conservative
SHP0457,V099,Chilled,326.0,163.0,326.0,68.46,0.8539,0.40491746268656714,0.6314565920398009,0.7288823880597014,0.7290005472636815,Conservative
SHP0458,V047,Chilled,71.0,35.5,71.0,14.91,0.7637,0.15489966950959486,0.083677434257285,0.05316757995735608,0.05317246624022743,Eco-Friendly
SHP0459,V092,Chilled,100.0,65.0,157.0,32.97,0.00770000000000004,0.6990180597014924,0.4449344527363184,0.3476441791044776,0.3517051243781094,Eco-Friendly
SHP0460,V061,Frozen,108.0,54.0,108.0,22.68,0.6567000000000001,0.26322946695095945,0.19318107675906182,0.16322125799573559,0.16324257995735608,Eco-Friendly
SHP0461,V024,Frozen,73.0,36.5,73.0,15.33,0.0033999999999999586,0.613465063965885,0.27822560412224595,0.13456804904051173,0.13457382373845062,Eco-Friendly
SHP0462,V052,Frozen,194.0,97.0,194.0,40.74,0.008600000000000052,0.7546614285714285,0.5475523809523809,0.45896142857142863,0.45902095238095236,Eco-Friendly
SHP0463,V054,Chilled,259.0,144.5,279.0,58.589999999999996,0.0,0.8656649786780384,0.7472525764036958,0.6925306503198293,0.6911398365316276,Speed-First
SHP0464,V095,Frozen,205.0,117.5,256.0,53.76,0.8551,0.31133365671641794,0.4589706467661691,0.5314209701492537,0.5346330348258707,Conservative
SHP0465,V054,Frozen,147.0,73.5,147.0,30.869999999999997,0.5178,0.39308465884861404,0.31513288912579956,0.28183540511727073,0.2818740511727079,Eco-Friendly
SHP0466,V039,Chilled,303.0,153.5,303.0,63.629999999999995,0.06720000000000004,0.8512911407249466,0.779666329068941,0.7475777078891257,0.7470904122245913,Speed-First
SHP0467,V012,Chilled,287.0,143.5,287.0,60.269999999999996,0.04849999999999999,0.8416422707889126,0.7455797796730632,0.7046982409381664,0.7047990760483298,Eco-Friendly
SHP0468,V057,Chilled,293.0,146.5,293.0,61.53,0.8919,0.3427584541577825,0.5481492892679459,0.6364696481876333,0.6365731485429993,Conservative
SHP0469,V083,Chilled,333.0,181.5,359.0,75.39,0.02300000000000002,0.944602185501066,0.9159650852878464,0.902370842217484,0.90190842217484,Speed-First
SHP0470,V049,Chilled,176.0,88.0,176.0,36.96,0.019299999999999984,0.7267728784648186,0.5046188521677327,0.40955720682302765,0.4096087348969439,Eco-Friendly
SHP0471,V081,Frozen,271.0,135.5,271.0,56.91,0.7737,0.3874391151385927,0.5284944207533759,0.5892144882729211,0.5893082160625444,Conservative
SHP0472,V047,Chilled,60.0,30.0,60.0,12.6,0.8028,0.11832000000000002,0.04930000000000001,0.019720000000000005,0.019720000000000005,Eco-Friendly
SHP0473,V064,Chilled,300.0,150.0,300.0,63.0,0.7928,0.41056733475479745,0.5885803837953092,0.665176289978678,0.6652828997867802,Conservative
SHP0474,V028,Frozen,311.0,172.5,331.0,69.50999999999999,0.7642,0.4709509488272921,0.6754811833688699,0.7575285607675906,0.7555656076759062,Conservative
SHP0475,V032,Chilled,280.0,155.0,338.0,70.98,0.03469999999999995,0.8982498294243071,0.8422622778962331,0.8305252025586354,0.8348153589196872,Eco-Friendly
SHP0476,V011,Chilled,63.0,31.5,63.0,13.229999999999999,0.0,0.603578091684435,0.25670975479744135,0.10805570362473348,0.10805703624733476,Eco-Friendly
SHP0477,V001,Chilled,347.0,173.5,347.0,72.86999999999999,0.8936,0.4061441044776119,0.6684998756218905,0.7813023134328356,0.7814298009950249,Conservative
SHP0478,V022,Frozen,259.0,129.5,259.0,54.39,0.8448,0.3304667484008529,0.4838804015636105,0.5498816737739871,0.5499700710732054,Conservative
SHP0479,V030,Frozen,276.0,153.0,296.0,62.16,0.007499999999999951,0.8814408315565032,0.7833995202558635,0.7374296375266525,0.7360463752665245,Speed-First
SHP0480,V058,Frozen,199.0,99.5,199.0,41.79,9.999999999998899e-05,0.7657249147121535,0.5608603056147832,0.4732376012793177,0.4732993461265103,Eco-Friendly
SHP0481,V043,Frozen,156.0,78.0,156.0,32.76,0.8995,0.17479893390191897,0.23983715351812362,0.2678325159914712,0.26787515991471217,Conservative
SHP0482,V075,Chilled,116.0,60.0,116.0,24.36,0.012399999999999967,0.6611367590618337,0.37512494669509594,0.2509188486140725,0.2503484861407249,Speed-First
SHP0483,V099,Chilled,311.0,185.5,355.0,74.55,0.8582,0.4440685394456291,0.7071473169864961,0.8134670469083155,0.8112171357498222,Conservative
SHP0484,V051,Chilled,85.0,42.5,85.0,17.849999999999998,0.05379999999999996,0.5975374307036248,0.2924646233120114,0.16175086353944562,0.16176196872778964,Eco-Friendly
SHP0485,V082,Chilled,204.0,102.0,204.0,42.839999999999996,0.763,0.31394840085287845,0.3813182302771855,0.41037377398720676,0.4104377398720682,Conservative
SHP0486,V017,Chilled,64.0,62.0,149.0,31.29,0.6839999999999999,0.28458933901918976,0.25945486851457,0.2594251599147121,0.2631849324804549,Eco-Friendly
SHP0487,V002,Frozen,312.0,171.0,361.0,75.81,0.8107,0.46409972281449896,0.7064001599147121,0.8187034541577826,0.8216645415778252,Conservative
SHP0488,V026,Chilled,315.0,172.5,373.0,78.33,0.9567,0.38679423240938166,0.690042750533049,0.8323084115138593,0.8366141151385929,Conservative
SHP0489,V049,Chilled,76.0,53.0,93.0,19.529999999999998,0.0006000000000000449,0.644802579957356,0.3333299218194741,0.19435631130063963,0.19243644633972992,Speed-First
SHP0490,V022,Chilled,196.0,98.0,196.0,41.16,0.8506,0.25184682302771855,0.3415255508173418,0.38013189765458416,0.38019230987917557,Conservative
SHP0491,V006,Frozen,152.0,91.0,163.0,34.23,0.5915,0.37642995735607676,0.3466301528073916,0.3259113006396588,0.32312967306325513,Speed-First
SHP0492,V004,Frozen,66.0,33.0,66.0,13.86,0.5911,0.2524961833688699,0.11564450959488273,0.05700140724946696,0.05700407249466952,Eco-Friendly
SHP0493,V056,Chilled,286.0,143.0,286.0,60.059999999999995,0.812,0.38234957356076754,0.5524681947405827,0.6256630063965885,0.6257633972992181,Conservative
SHP0494,V006,Frozen,108.0,54.0,108.0,22.68,0.6891,0.24378946695095943,0.18508107675906182,0.1599812579957356,0.1600025799573561,Eco-Friendly
SHP0495,V050,Chilled,219.0,109.5,219.0,45.989999999999995,0.0032999999999999696,0.7876588592750533,0.6047920042643923,0.5266222921108742,0.526692921108742,Eco-Friendly
SHP0496,V035,Frozen,81.0,40.5,81.0,17.009999999999998,0.7154,0.19580664179104473,0.11811828358208953,0.08484992537313431,0.08485925373134327,Eco-Friendly
SHP0497,V011,Chilled,212.0,106.0,212.0,44.519999999999996,0.9047000000000001,0.23846997867803832,0.36378590973702907,0.4176856503198293,0.4177531698649609,Conservative
SHP0498,V065,Chilled,171.0,85.5,171.0,35.91,0.8363,0.23060939232409378,0.28918592750533045,0.3144310341151385,0.3144803411513859,Conservative
SHP0499,V052,Chilled,226.0,143.0,302.0,63.419999999999995,0.03369999999999995,0.8612698720682302,0.7709237917555081,0.7393139019189764,0.7418023525230987,Eco-Friendly
SHP0500,V053,Frozen,121.0,60.5,121.0,25.41,0.0010000000000000009,0.6721545309168443,0.3861816808813078,0.26369930703624733,0.2637264036958067,Eco-Friendly
