vehicle_id,vehicle_type,capacity_kg,active,shipment_count,avg_score_balanced,utilisation_status
V001,Refrigerated Van,500,True,6.0,0.6594066275764036,Optimal
V002,Refrigerated Truck,2000,True,7.0,0.5380940273124175,Optimal
V003,Refrigerated Van,750,True,0.0,,Idle
V004,Refrigerated Van,500,True,6.0,0.4236315535418147,Optimal
V005,Refrigerated Truck,1500,True,7.0,0.4173742765763021,Optimal
V006,Refrigerated Van,500,True,6.0,0.43507430111348017,Optimal
V007,Refrigerated Van,750,True,7.0,0.5014752005279723,Optimal
V008,Refrigerated Van,750,True,6.0,0.3430205756929638,Optimal
V009,Refrigerated Truck,2000,True,0.0,,Idle
V010,Refrigerated Truck,2500,True,7.0,0.42125024114123255,Optimal
V011,Refrigerated Van,750,True,7.0,0.474122220530003,Optimal
V012,Refrigerated Truck,2500,True,6.0,0.43824872364368633,Optimal
V013,Refrigerated Truck,2000,True,0.0,,Idle
V014,Refrigerated Van,1000,True,0.0,,Idle
V015,Refrigerated Van,500,True,0.0,,Idle
V016,Refrigerated Truck,1500,True,7.0,0.48189679409077063,Optimal
V017,Refrigerated Truck,2500,True,7.0,0.5161305462483501,Optimal
V018,Refrigerated Truck,1500,True,7.0,0.5129936871763631,Optimal
V019,Refrigerated Truck,1500,True,7.0,0.44929836531627576,Optimal
V020,Refrigerated Truck,1500,True,7.0,0.4708821707787592,Optimal
V021,Refrigerated Truck,2500,True,6.0,0.25498434316512675,Optimal
V022,Refrigerated Van,500,True,7.0,0.4449853309980708,Optimal
V023,Refrigerated Van,750,True,7.0,0.43048669661894606,Optimal
V024,Refrigerated Truck,1500,True,6.0,0.5532826314854299,Optimal
V025,Refrigerated Van,500,True,0.0,,Idle
V026,Refrigerated Truck,2500,True,7.0,0.46320566047314443,Optimal
V027,Refrigerated Truck,2500,True,0.0,,Idle
V028,Refrigerated Van,1000,True,6.0,0.6480133143804786,Optimal
V029,Refrigerated Truck,2000,True,0.0,,Idle
V030,Refrigerated Truck,1500,True,6.0,0.5350931443970622,Optimal
V031,Refrigerated Van,750,True,6.0,0.5053507018479033,Optimal
V032,Refrigerated Van,1200,True,6.0,0.7053180377872542,Optimal
V033,Refrigerated Truck,2500,True,6.0,0.5341091714048803,Optimal
V034,Refrigerated Van,1000,True,5.0,0.4995470433546553,Optimal
V035,Refrigerated Van,750,True,7.0,0.5339389024266422,Optimal
V036,Refrigerated Van,1000,True,7.0,0.39502639100416287,Optimal
V037,Refrigerated Truck,2500,True,7.0,0.47016656005685853,Optimal
V038,Refrigerated Van,750,True,0.0,,Idle
V039,Refrigerated Truck,2000,True,7.0,0.6070157325616814,Optimal
V040,Refrigerated Truck,3000,True,7.0,0.44669931211290487,Optimal
V041,Refrigerated Truck,2000,True,6.0,0.4031105010660981,Optimal
V042,Refrigerated Truck,2000,True,6.0,0.454921834280976,Optimal
V043,Refrigerated Van,1000,True,7.0,0.5786384582191085,Optimal
V044,Refrigerated Truck,3000,True,0.0,,Idle
V045,Refrigerated Truck,2000,True,7.0,0.6663947431211291,Optimal
V046,Refrigerated Van,1200,True,7.0,0.530181592039801,Optimal
V047,Refrigerated Van,500,True,7.0,0.44745464260330997,Optimal
V048,Refrigerated Van,750,True,0.0,,Idle
V049,Refrigerated Van,1200,True,6.0,0.60654447405828,Optimal
V050,Refrigerated Van,1200,True,6.0,0.564407483416252,Optimal
V051,Refrigerated Truck,3000,True,7.0,0.39436078535891966,Optimal
V052,Refrigerated Truck,1500,True,7.0,0.5095259239516702,Optimal
V053,Refrigerated Van,1000,True,7.0,0.2707259061833689,Optimal
V054,Refrigerated Truck,1500,True,6.0,0.4530760601753139,Optimal
V055,Refrigerated Truck,3000,True,0.0,,Idle
V056,Refrigerated Van,1200,True,7.0,0.38465540410193927,Optimal
V057,Refrigerated Van,1000,True,7.0,0.4466637932785054,Optimal
V058,Refrigerated Van,500,True,7.0,0.5905685729515687,Optimal
V059,Refrigerated Truck,2000,True,7.0,0.5685839095339629,Optimal
V060,Refrigerated Van,1000,True,7.0,0.49653448319626353,Optimal
V061,Refrigerated Van,500,True,7.0,0.5329763884658341,Optimal
V062,Refrigerated Truck,3000,True,7.0,0.5938454462381968,Optimal
V063,Refrigerated Van,500,True,7.0,0.6294935983348563,Optimal
V064,Refrigerated Truck,2500,True,7.0,0.548924408569398,Optimal
V065,Refrigerated Van,500,True,7.0,0.40109244593359733,Optimal
V066,Refrigerated Van,500,True,0.0,,Idle
V067,Refrigerated Van,1200,True,0.0,,Idle
V068,Refrigerated Van,750,True,0.0,,Idle
V069,Refrigerated Van,1200,True,0.0,,Idle
V070,Refrigerated Van,1000,True,7.0,0.40155608437404805,Optimal
V071,Refrigerated Truck,2000,True,6.0,0.636923075100687,Optimal
V072,Refrigerated Van,1000,True,6.0,0.6144699715707178,Optimal
V073,Refrigerated Truck,2500,True,0.0,,Idle
V074,Refrigerated Truck,3000,True,0.0,,Idle
V075,Refrigerated Van,750,True,7.0,0.5067882043862321,Optimal
V076,Refrigerated Van,500,True,0.0,,Idle
V077,Refrigerated Truck,1500,True,0.0,,Idle
V078,Refrigerated Van,750,True,0.0,,Idle
V079,Refrigerated Van,500,True,6.0,0.5318983179341388,Optimal
V080,Refrigerated Van,750,True,7.0,0.4960778124682709,Optimal
V081,Refrigerated Van,500,True,5.0,0.4020121855010661,Optimal
V082,Refrigerated Truck,1500,True,7.0,0.36296605746776317,Optimal
V083,Refrigerated Van,1000,True,7.0,0.6588026728601888,Optimal
V084,Refrigerated Truck,2000,True,0.0,,Idle
V085,Refrigerated Van,1200,True,7.0,0.4356803355670626,Optimal
V086,Refrigerated Van,1200,True,7.0,0.5413202685551832,Optimal
V087,Refrigerated Truck,2000,True,6.0,0.5538790748637763,Optimal
V088,Refrigerated Van,500,True,4.0,0.6424800861762615,Optimal
V089,Refrigerated Truck,2500,True,0.0,,Idle
V090,Refrigerated Truck,3000,True,7.0,0.4889455071580871,Optimal
V091,Refrigerated Truck,1500,True,6.0,0.40873860163468373,Optimal
V092,Refrigerated Van,500,True,7.0,0.6218645903137373,Optimal
V093,Refrigerated Truck,2500,True,7.0,0.40703181287440354,Optimal
V094,Refrigerated Van,750,True,0.0,,Idle
V095,Refrigerated Van,750,True,6.0,0.5360635809049988,Optimal
V096,Refrigerated Truck,2000,True,7.0,0.2744620722916032,Optimal
V097,Refrigerated Truck,2000,True,7.0,0.41682821352421556,Optimal
V098,Refrigerated Truck,3000,True,7.0,0.48223074677632244,Optimal
V099,Refrigerated Van,500,True,7.0,0.5148512107828206,Optimal
V100,Refrigerated Truck,1500,True,5.0,0.5920711656005686,Optimal
