week_start,compliance_rate,excursion_count,shipment_count
2024-01-07,0.4498685661204493,22.0,25
2024-01-14,0.42710100690052105,17.0,25
2024-01-21,0.46117069941876454,18.0,25
2024-01-28,0.4988159310984263,13.0,25
2024-02-04,0.4311601808005402,16.0,25
2024-02-11,0.43379241645887484,18.0,25
2024-02-18,0.5089579863045062,14.0,25
2024-02-25,0.4791184417976953,18.0,25
2024-03-03,0.4322736561415493,15.0,25
2024-03-10,0.47538661226975437,16.0,25
2024-03-17,0.43777908176118574,15.0,25
2024-03-24,0.4403181782782423,22.0,25
2024-03-31,0.4712574382310624,16.0,25
2024-04-07,0.3876793165294775,13.0,25
2024-04-14,0.3978453919626366,18.0,25
2024-04-21,0.44698218304088744,12.0,25
2024-04-28,0.43159201834451777,16.0,25
2024-05-05,0.4873067354090741,9.0,25
2024-05-12,0.44104745803178314,11.0,25
2024-05-19,0.4235078519465883,16.0,25
